-- phpMyAdmin SQL Dump
-- version 5.2.1
-- https://www.phpmyadmin.net/
--
-- Host: localhost:3306
-- Generation Time: Jun 01, 2025 at 07:08 AM
-- Server version: 8.0.30
-- PHP Version: 8.2.25

SET SQL_MODE = "NO_AUTO_VALUE_ON_ZERO";
START TRANSACTION;
SET time_zone = "+00:00";


/*!40101 SET @OLD_CHARACTER_SET_CLIENT=@@CHARACTER_SET_CLIENT */;
/*!40101 SET @OLD_CHARACTER_SET_RESULTS=@@CHARACTER_SET_RESULTS */;
/*!40101 SET @OLD_COLLATION_CONNECTION=@@COLLATION_CONNECTION */;
/*!40101 SET NAMES utf8mb4 */;

--
-- Database: `berlian_motor_sales`
--

-- --------------------------------------------------------

--
-- Table structure for table `absensi`
--

CREATE TABLE `absensi` (
  `id_absensi` int NOT NULL,
  `id_sales` int DEFAULT NULL,
  `tanggal` date DEFAULT NULL,
  `jam_masuk` time DEFAULT NULL,
  `jam_keluar` time DEFAULT NULL,
  `foto_masuk` text,
  `foto_keluar` text,
  `status` varchar(100) DEFAULT 'Hadir',
  `created_at` timestamp NULL DEFAULT CURRENT_TIMESTAMP,
  `updated_at` timestamp NULL DEFAULT CURRENT_TIMESTAMP ON UPDATE CURRENT_TIMESTAMP
) ENGINE=InnoDB DEFAULT CHARSET=utf8mb4 COLLATE=utf8mb4_0900_ai_ci;

--
-- Dumping data for table `absensi`
--

INSERT INTO `absensi` (`id_absensi`, `id_sales`, `tanggal`, `jam_masuk`, `jam_keluar`, `foto_masuk`, `foto_keluar`, `status`, `created_at`, `updated_at`) VALUES
(1, 1, '2025-03-03', '09:01:00', '18:24:00', NULL, NULL, 'Telat', '2025-05-23 19:19:16', '2025-05-23 19:19:16'),
(2, 1, '2025-03-04', '08:54:00', '17:07:00', NULL, NULL, 'Telat', '2025-05-23 19:19:16', '2025-05-23 19:19:16'),
(3, 1, '2025-03-05', '09:10:00', '17:22:00', NULL, NULL, 'Hadir', '2025-05-23 19:19:16', '2025-05-23 19:19:16'),
(4, 1, '2025-03-10', '09:49:00', '19:17:00', NULL, NULL, 'Telat', '2025-05-23 19:19:16', '2025-05-23 19:19:16'),
(5, 1, '2025-03-11', '08:52:00', '18:04:00', NULL, NULL, 'Telat', '2025-05-23 19:19:16', '2025-05-23 19:19:16'),
(6, 1, '2025-03-12', '07:27:00', '15:40:00', NULL, NULL, 'Telat', '2025-05-23 19:19:16', '2025-05-23 19:19:16'),
(7, 1, '2025-03-13', '09:00:00', '17:27:00', NULL, NULL, 'Telat', '2025-05-23 19:19:16', '2025-05-23 19:19:16'),
(8, 1, '2025-03-18', '08:42:00', '16:48:00', NULL, NULL, 'Telat', '2025-05-23 19:19:16', '2025-05-23 19:19:16'),
(9, 1, '2025-03-19', '08:57:00', '18:20:00', NULL, NULL, 'Telat', '2025-05-23 19:19:16', '2025-05-23 19:19:16'),
(10, 1, '2025-03-20', '08:46:00', '17:11:00', NULL, NULL, 'Hadir', '2025-05-23 19:19:16', '2025-05-23 19:19:16'),
(11, 1, '2025-03-21', '08:03:00', '17:26:00', NULL, NULL, 'Telat', '2025-05-23 19:19:16', '2025-05-23 19:19:16'),
(12, 1, '2025-03-25', '08:22:00', '17:14:00', NULL, NULL, 'Hadir', '2025-05-23 19:19:16', '2025-05-23 19:19:16'),
(13, 1, '2025-03-26', '07:24:00', '16:40:00', NULL, NULL, 'Telat', '2025-05-23 19:19:16', '2025-05-23 19:19:16'),
(14, 1, '2025-03-27', '07:31:00', '16:08:00', NULL, NULL, 'Telat', '2025-05-23 19:19:16', '2025-05-23 19:19:16'),
(15, 1, '2025-03-28', '07:14:00', '16:49:00', NULL, NULL, 'Hadir', '2025-05-23 19:19:16', '2025-05-23 19:19:16'),
(16, 1, '2025-03-31', '08:19:00', '18:04:00', NULL, NULL, 'Hadir', '2025-05-23 19:19:16', '2025-05-23 19:19:16'),
(17, 1, '2025-04-01', '09:44:00', '19:22:00', NULL, NULL, 'Hadir', '2025-05-23 19:19:16', '2025-05-23 19:19:16'),
(18, 1, '2025-04-02', '09:15:00', '17:55:00', NULL, NULL, 'Telat', '2025-05-23 19:19:16', '2025-05-23 19:19:16'),
(19, 1, '2025-04-04', '08:43:00', '18:42:00', NULL, NULL, 'Telat', '2025-05-23 19:19:16', '2025-05-23 19:19:16'),
(20, 1, '2025-04-07', '08:02:00', '16:02:00', NULL, NULL, 'Telat', '2025-05-23 19:19:16', '2025-05-23 19:19:16'),
(21, 1, '2025-04-08', '07:04:00', '16:51:00', NULL, NULL, 'Telat', '2025-05-23 19:19:16', '2025-05-23 19:19:16'),
(22, 1, '2025-04-09', '09:20:00', '18:47:00', NULL, NULL, 'Telat', '2025-05-23 19:19:16', '2025-05-23 19:19:16'),
(23, 1, '2025-04-10', '08:26:00', '17:51:00', NULL, NULL, 'Telat', '2025-05-23 19:19:16', '2025-05-23 19:19:16'),
(24, 1, '2025-04-11', '07:05:00', '16:58:00', NULL, NULL, 'Hadir', '2025-05-23 19:19:16', '2025-05-23 19:19:16'),
(25, 1, '2025-04-15', '08:53:00', '18:08:00', NULL, NULL, 'Hadir', '2025-05-23 19:19:16', '2025-05-23 19:19:16'),
(26, 1, '2025-04-16', '07:22:00', '15:31:00', NULL, NULL, 'Hadir', '2025-05-23 19:19:16', '2025-05-23 19:19:16'),
(27, 1, '2025-04-17', '07:25:00', '15:31:00', NULL, NULL, 'Telat', '2025-05-23 19:19:16', '2025-05-23 19:19:16'),
(28, 1, '2025-04-18', '08:40:00', '17:35:00', NULL, NULL, 'Telat', '2025-05-23 19:19:16', '2025-05-23 19:19:16'),
(29, 1, '2025-04-21', '07:53:00', '16:14:00', NULL, NULL, 'Telat', '2025-05-23 19:19:16', '2025-05-23 19:19:16'),
(30, 1, '2025-04-22', '08:33:00', '17:16:00', NULL, NULL, 'Hadir', '2025-05-23 19:19:16', '2025-05-23 19:19:16'),
(31, 1, '2025-04-24', '07:15:00', '16:13:00', NULL, NULL, 'Hadir', '2025-05-23 19:19:16', '2025-05-23 19:19:16'),
(32, 1, '2025-04-25', '09:54:00', '18:59:00', NULL, NULL, 'Hadir', '2025-05-23 19:19:16', '2025-05-23 19:19:16'),
(33, 1, '2025-04-30', '08:14:00', '17:41:00', NULL, NULL, 'Hadir', '2025-05-23 19:19:16', '2025-05-23 19:19:16'),
(34, 1, '2025-05-02', '07:19:00', '16:41:00', NULL, NULL, 'Hadir', '2025-05-23 19:19:16', '2025-05-23 19:19:16'),
(35, 1, '2025-05-05', '09:23:00', '17:39:00', NULL, NULL, 'Hadir', '2025-05-23 19:19:16', '2025-05-23 19:19:16'),
(36, 1, '2025-05-06', '09:58:00', '19:42:00', NULL, NULL, 'Telat', '2025-05-23 19:19:16', '2025-05-23 19:19:16'),
(37, 1, '2025-05-08', '07:04:00', '16:11:00', NULL, NULL, 'Hadir', '2025-05-23 19:19:16', '2025-05-23 19:19:16'),
(38, 1, '2025-05-09', '07:37:00', '17:35:00', NULL, NULL, 'Hadir', '2025-05-23 19:19:16', '2025-05-23 19:19:16'),
(39, 1, '2025-05-12', '07:35:00', '17:09:00', NULL, NULL, 'Telat', '2025-05-23 19:19:16', '2025-05-23 19:19:16'),
(40, 1, '2025-05-13', '08:38:00', '18:04:00', NULL, NULL, 'Telat', '2025-05-23 19:19:16', '2025-05-23 19:19:16'),
(41, 1, '2025-05-14', '07:35:00', '16:40:00', NULL, NULL, 'Telat', '2025-05-23 19:19:16', '2025-05-23 19:19:16'),
(42, 1, '2025-05-15', '09:15:00', '17:59:00', NULL, NULL, 'Telat', '2025-05-23 19:19:16', '2025-05-23 19:19:16'),
(43, 1, '2025-05-16', '08:06:00', '17:05:00', NULL, NULL, 'Hadir', '2025-05-23 19:19:16', '2025-05-23 19:19:16'),
(44, 1, '2025-05-19', '08:20:00', '17:48:00', NULL, NULL, 'Hadir', '2025-05-23 19:19:16', '2025-05-23 19:19:16'),
(45, 1, '2025-05-21', '09:26:00', '17:30:00', NULL, NULL, 'Hadir', '2025-05-23 19:19:16', '2025-05-23 19:19:16'),
(46, 1, '2025-05-22', '08:55:00', '18:39:00', NULL, NULL, 'Hadir', '2025-05-23 19:19:16', '2025-05-23 19:19:16'),
(47, 1, '2025-05-23', '07:06:00', '16:39:00', NULL, NULL, 'Hadir', '2025-05-23 19:19:16', '2025-05-23 19:19:16'),
(48, 1, '2025-05-30', '08:07:00', '16:47:00', NULL, NULL, 'Hadir', '2025-05-23 19:19:16', '2025-05-23 19:19:16'),
(49, 2, '2025-03-03', '07:35:00', '15:49:00', NULL, NULL, 'Hadir', '2025-05-23 19:19:16', '2025-05-23 19:19:16'),
(50, 2, '2025-03-10', '08:18:00', '17:27:00', NULL, NULL, 'Hadir', '2025-05-23 19:19:16', '2025-05-23 19:19:16'),
(51, 2, '2025-03-11', '08:10:00', '16:46:00', NULL, NULL, 'Telat', '2025-05-23 19:19:16', '2025-05-23 19:19:16'),
(52, 2, '2025-03-12', '07:53:00', '17:36:00', NULL, NULL, 'Telat', '2025-05-23 19:19:16', '2025-05-23 19:19:16'),
(53, 2, '2025-03-13', '09:19:00', '17:58:00', NULL, NULL, 'Hadir', '2025-05-23 19:19:17', '2025-05-23 19:19:17'),
(54, 2, '2025-03-14', '07:02:00', '16:29:00', NULL, NULL, 'Hadir', '2025-05-23 19:19:17', '2025-05-23 19:19:17'),
(55, 2, '2025-03-17', '09:26:00', '18:57:00', NULL, NULL, 'Hadir', '2025-05-23 19:19:17', '2025-05-23 19:19:17'),
(56, 2, '2025-03-18', '09:11:00', '18:27:00', NULL, NULL, 'Telat', '2025-05-23 19:19:17', '2025-05-23 19:19:17'),
(57, 2, '2025-03-19', '07:57:00', '16:20:00', NULL, NULL, 'Hadir', '2025-05-23 19:19:17', '2025-05-23 19:19:17'),
(58, 2, '2025-03-20', '08:11:00', '16:23:00', NULL, NULL, 'Hadir', '2025-05-23 19:19:17', '2025-05-23 19:19:17'),
(59, 2, '2025-03-21', '08:43:00', '18:18:00', NULL, NULL, 'Hadir', '2025-05-23 19:19:17', '2025-05-23 19:19:17'),
(60, 2, '2025-03-24', '07:37:00', '17:27:00', NULL, NULL, 'Telat', '2025-05-23 19:19:17', '2025-05-23 19:19:17'),
(61, 2, '2025-03-25', '09:30:00', '18:17:00', NULL, NULL, 'Hadir', '2025-05-23 19:19:17', '2025-05-23 19:19:17'),
(62, 2, '2025-03-26', '07:51:00', '16:54:00', NULL, NULL, 'Telat', '2025-05-23 19:19:17', '2025-05-23 19:19:17'),
(63, 2, '2025-03-31', '07:15:00', '15:54:00', NULL, NULL, 'Telat', '2025-05-23 19:19:17', '2025-05-23 19:19:17'),
(64, 2, '2025-04-02', '08:41:00', '17:42:00', NULL, NULL, 'Hadir', '2025-05-23 19:19:17', '2025-05-23 19:19:17'),
(65, 2, '2025-04-03', '07:50:00', '16:28:00', NULL, NULL, 'Hadir', '2025-05-23 19:19:17', '2025-05-23 19:19:17'),
(66, 2, '2025-04-07', '08:27:00', '17:30:00', NULL, NULL, 'Hadir', '2025-05-23 19:19:17', '2025-05-23 19:19:17'),
(67, 2, '2025-04-08', '09:34:00', '18:13:00', NULL, NULL, 'Telat', '2025-05-23 19:19:17', '2025-05-23 19:19:17'),
(68, 2, '2025-04-10', '08:39:00', '17:46:00', NULL, NULL, 'Hadir', '2025-05-23 19:19:17', '2025-05-23 19:19:17'),
(69, 2, '2025-04-11', '08:02:00', '17:15:00', NULL, NULL, 'Telat', '2025-05-23 19:19:17', '2025-05-23 19:19:17'),
(70, 2, '2025-04-15', '09:41:00', '18:02:00', NULL, NULL, 'Telat', '2025-05-23 19:19:17', '2025-05-23 19:19:17'),
(71, 2, '2025-04-16', '09:57:00', '18:07:00', NULL, NULL, 'Telat', '2025-05-23 19:19:17', '2025-05-23 19:19:17'),
(72, 2, '2025-04-18', '09:29:00', '18:06:00', NULL, NULL, 'Hadir', '2025-05-23 19:19:17', '2025-05-23 19:19:17'),
(73, 2, '2025-04-22', '07:44:00', '17:13:00', NULL, NULL, 'Telat', '2025-05-23 19:19:17', '2025-05-23 19:19:17'),
(74, 2, '2025-04-23', '09:44:00', '19:28:00', NULL, NULL, 'Hadir', '2025-05-23 19:19:17', '2025-05-23 19:19:17'),
(75, 2, '2025-04-24', '08:22:00', '17:47:00', NULL, NULL, 'Telat', '2025-05-23 19:19:17', '2025-05-23 19:19:17'),
(76, 2, '2025-04-25', '08:07:00', '16:28:00', NULL, NULL, 'Telat', '2025-05-23 19:19:17', '2025-05-23 19:19:17'),
(77, 2, '2025-04-29', '07:12:00', '15:31:00', NULL, NULL, 'Telat', '2025-05-23 19:19:17', '2025-05-23 19:19:17'),
(78, 2, '2025-04-30', '08:04:00', '17:24:00', NULL, NULL, 'Telat', '2025-05-23 19:19:17', '2025-05-23 19:19:17'),
(79, 2, '2025-05-01', '09:29:00', '17:38:00', NULL, NULL, 'Telat', '2025-05-23 19:19:17', '2025-05-23 19:19:17'),
(80, 2, '2025-05-05', '09:40:00', '18:31:00', NULL, NULL, 'Hadir', '2025-05-23 19:19:17', '2025-05-23 19:19:17'),
(81, 2, '2025-05-06', '07:37:00', '15:59:00', NULL, NULL, 'Telat', '2025-05-23 19:19:17', '2025-05-23 19:19:17'),
(82, 2, '2025-05-07', '07:07:00', '16:58:00', NULL, NULL, 'Hadir', '2025-05-23 19:19:17', '2025-05-23 19:19:17'),
(83, 2, '2025-05-09', '09:10:00', '18:47:00', NULL, NULL, 'Telat', '2025-05-23 19:19:17', '2025-05-23 19:19:17'),
(84, 2, '2025-05-12', '08:05:00', '17:13:00', NULL, NULL, 'Hadir', '2025-05-23 19:19:17', '2025-05-23 19:19:17'),
(85, 2, '2025-05-14', '07:58:00', '15:58:00', NULL, NULL, 'Telat', '2025-05-23 19:19:17', '2025-05-23 19:19:17'),
(86, 2, '2025-05-15', '08:22:00', '17:57:00', NULL, NULL, 'Hadir', '2025-05-23 19:19:17', '2025-05-23 19:19:17'),
(87, 2, '2025-05-19', '07:13:00', '16:13:00', NULL, NULL, 'Telat', '2025-05-23 19:19:17', '2025-05-23 19:19:17'),
(88, 2, '2025-05-20', '08:58:00', '18:45:00', NULL, NULL, 'Hadir', '2025-05-23 19:19:17', '2025-05-23 19:19:17'),
(89, 2, '2025-05-21', '07:26:00', '17:14:00', NULL, NULL, 'Hadir', '2025-05-23 19:19:17', '2025-05-23 19:19:17'),
(90, 2, '2025-05-22', '09:55:00', '18:23:00', NULL, NULL, 'Telat', '2025-05-23 19:19:17', '2025-05-23 19:19:17'),
(91, 2, '2025-05-26', '07:57:00', '17:56:00', NULL, NULL, 'Telat', '2025-05-23 19:19:17', '2025-05-23 19:19:17'),
(92, 2, '2025-05-27', '07:30:00', '15:47:00', NULL, NULL, 'Hadir', '2025-05-23 19:19:17', '2025-05-23 19:19:17'),
(93, 3, '2025-03-03', '09:08:00', '17:13:00', NULL, NULL, 'Telat', '2025-05-23 19:19:17', '2025-05-23 19:19:17'),
(94, 3, '2025-03-04', '08:32:00', '17:53:00', NULL, NULL, 'Telat', '2025-05-23 19:19:17', '2025-05-23 19:19:17'),
(95, 3, '2025-03-07', '08:32:00', '17:28:00', NULL, NULL, 'Telat', '2025-05-23 19:19:17', '2025-05-23 19:19:17'),
(96, 3, '2025-03-12', '09:20:00', '18:10:00', NULL, NULL, 'Hadir', '2025-05-23 19:19:17', '2025-05-23 19:19:17'),
(97, 3, '2025-03-20', '07:11:00', '16:48:00', NULL, NULL, 'Telat', '2025-05-23 19:19:17', '2025-05-23 19:19:17'),
(98, 3, '2025-03-21', '08:19:00', '17:05:00', NULL, NULL, 'Telat', '2025-05-23 19:19:17', '2025-05-23 19:19:17'),
(99, 3, '2025-03-24', '09:04:00', '17:33:00', NULL, NULL, 'Telat', '2025-05-23 19:19:17', '2025-05-23 19:19:17'),
(100, 3, '2025-03-25', '07:15:00', '15:47:00', NULL, NULL, 'Telat', '2025-05-23 19:19:17', '2025-05-23 19:19:17'),
(101, 3, '2025-03-26', '07:35:00', '17:24:00', NULL, NULL, 'Telat', '2025-05-23 19:19:17', '2025-05-23 19:19:17'),
(102, 3, '2025-03-27', '07:59:00', '17:26:00', NULL, NULL, 'Hadir', '2025-05-23 19:19:17', '2025-05-23 19:19:17'),
(103, 3, '2025-03-28', '08:14:00', '17:10:00', NULL, NULL, 'Telat', '2025-05-23 19:19:17', '2025-05-23 19:19:17'),
(104, 3, '2025-03-31', '08:38:00', '18:20:00', NULL, NULL, 'Hadir', '2025-05-23 19:19:17', '2025-05-23 19:19:17'),
(105, 3, '2025-04-02', '07:53:00', '16:19:00', NULL, NULL, 'Telat', '2025-05-23 19:19:17', '2025-05-23 19:19:17'),
(106, 3, '2025-04-03', '09:26:00', '18:03:00', NULL, NULL, 'Telat', '2025-05-23 19:19:17', '2025-05-23 19:19:17'),
(107, 3, '2025-04-04', '09:51:00', '19:07:00', NULL, NULL, 'Telat', '2025-05-23 19:19:17', '2025-05-23 19:19:17'),
(108, 3, '2025-04-07', '09:23:00', '18:39:00', NULL, NULL, 'Telat', '2025-05-23 19:19:17', '2025-05-23 19:19:17'),
(109, 3, '2025-04-09', '07:57:00', '17:19:00', NULL, NULL, 'Hadir', '2025-05-23 19:19:17', '2025-05-23 19:19:17'),
(110, 3, '2025-04-11', '09:54:00', '19:44:00', NULL, NULL, 'Telat', '2025-05-23 19:19:17', '2025-05-23 19:19:17'),
(111, 3, '2025-04-14', '09:28:00', '17:39:00', NULL, NULL, 'Hadir', '2025-05-23 19:19:17', '2025-05-23 19:19:17'),
(112, 3, '2025-04-18', '07:42:00', '16:36:00', NULL, NULL, 'Hadir', '2025-05-23 19:19:17', '2025-05-23 19:19:17'),
(113, 3, '2025-04-21', '08:47:00', '18:19:00', NULL, NULL, 'Telat', '2025-05-23 19:19:17', '2025-05-23 19:19:17'),
(114, 3, '2025-04-22', '08:44:00', '18:37:00', NULL, NULL, 'Hadir', '2025-05-23 19:19:17', '2025-05-23 19:19:17'),
(115, 3, '2025-04-24', '09:32:00', '18:19:00', NULL, NULL, 'Telat', '2025-05-23 19:19:17', '2025-05-23 19:19:17'),
(116, 3, '2025-04-28', '09:43:00', '18:34:00', NULL, NULL, 'Hadir', '2025-05-23 19:19:17', '2025-05-23 19:19:17'),
(117, 3, '2025-04-30', '08:24:00', '18:03:00', NULL, NULL, 'Hadir', '2025-05-23 19:19:17', '2025-05-23 19:19:17'),
(118, 3, '2025-05-01', '07:59:00', '16:51:00', NULL, NULL, 'Telat', '2025-05-23 19:19:17', '2025-05-23 19:19:17'),
(119, 3, '2025-05-05', '07:55:00', '16:01:00', NULL, NULL, 'Telat', '2025-05-23 19:19:17', '2025-05-23 19:19:17'),
(120, 3, '2025-05-06', '08:01:00', '16:48:00', NULL, NULL, 'Telat', '2025-05-23 19:19:17', '2025-05-23 19:19:17'),
(121, 3, '2025-05-09', '07:34:00', '16:13:00', NULL, NULL, 'Telat', '2025-05-23 19:19:17', '2025-05-23 19:19:17'),
(122, 3, '2025-05-15', '08:00:00', '16:00:00', NULL, NULL, 'Hadir', '2025-05-23 19:19:17', '2025-05-23 19:19:17'),
(123, 3, '2025-05-16', '08:48:00', '18:14:00', NULL, NULL, 'Telat', '2025-05-23 19:19:17', '2025-05-23 19:19:17'),
(124, 3, '2025-05-19', '07:19:00', '16:09:00', NULL, NULL, 'Telat', '2025-05-23 19:19:17', '2025-05-23 19:19:17'),
(125, 3, '2025-05-21', '07:10:00', '17:06:00', NULL, NULL, 'Telat', '2025-05-23 19:19:17', '2025-05-23 19:19:17'),
(126, 3, '2025-05-23', '08:19:00', '16:51:00', NULL, NULL, 'Telat', '2025-05-23 19:19:17', '2025-05-23 19:19:17'),
(127, 3, '2025-05-26', '07:27:00', '16:48:00', NULL, NULL, 'Telat', '2025-05-23 19:19:17', '2025-05-23 19:19:17'),
(128, 3, '2025-05-27', '09:51:00', '19:21:00', NULL, NULL, 'Telat', '2025-05-23 19:19:17', '2025-05-23 19:19:17'),
(129, 3, '2025-05-28', '08:25:00', '17:24:00', NULL, NULL, 'Hadir', '2025-05-23 19:19:17', '2025-05-23 19:19:17'),
(130, 3, '2025-05-29', '09:31:00', '17:39:00', NULL, NULL, 'Hadir', '2025-05-23 19:19:17', '2025-05-23 19:19:17'),
(131, 3, '2025-05-30', '08:09:00', '16:26:00', NULL, NULL, 'Telat', '2025-05-23 19:19:17', '2025-05-23 19:19:17'),
(132, 4, '2025-03-04', '09:10:00', '17:11:00', NULL, NULL, 'Telat', '2025-05-23 19:19:17', '2025-05-23 19:19:17'),
(133, 4, '2025-03-05', '07:00:00', '15:54:00', NULL, NULL, 'Telat', '2025-05-23 19:19:17', '2025-05-23 19:19:17'),
(134, 4, '2025-03-06', '07:07:00', '15:49:00', NULL, NULL, 'Hadir', '2025-05-23 19:19:17', '2025-05-23 19:19:17'),
(135, 4, '2025-03-07', '07:24:00', '16:36:00', NULL, NULL, 'Hadir', '2025-05-23 19:19:17', '2025-05-23 19:19:17'),
(136, 4, '2025-03-10', '09:04:00', '19:02:00', NULL, NULL, 'Telat', '2025-05-23 19:19:17', '2025-05-23 19:19:17'),
(137, 4, '2025-03-11', '09:38:00', '19:21:00', NULL, NULL, 'Hadir', '2025-05-23 19:19:17', '2025-05-23 19:19:17'),
(138, 4, '2025-03-12', '07:36:00', '17:00:00', NULL, NULL, 'Telat', '2025-05-23 19:19:17', '2025-05-23 19:19:17'),
(139, 4, '2025-03-14', '08:13:00', '16:42:00', NULL, NULL, 'Telat', '2025-05-23 19:19:17', '2025-05-23 19:19:17'),
(140, 4, '2025-03-17', '09:43:00', '18:31:00', NULL, NULL, 'Telat', '2025-05-23 19:19:17', '2025-05-23 19:19:17'),
(141, 4, '2025-03-18', '09:33:00', '18:06:00', NULL, NULL, 'Telat', '2025-05-23 19:19:17', '2025-05-23 19:19:17'),
(142, 4, '2025-03-20', '09:16:00', '17:58:00', NULL, NULL, 'Hadir', '2025-05-23 19:19:17', '2025-05-23 19:19:17'),
(143, 4, '2025-03-21', '09:35:00', '18:34:00', NULL, NULL, 'Telat', '2025-05-23 19:19:17', '2025-05-23 19:19:17'),
(144, 4, '2025-03-24', '07:54:00', '16:18:00', NULL, NULL, 'Telat', '2025-05-23 19:19:17', '2025-05-23 19:19:17'),
(145, 4, '2025-04-01', '09:19:00', '19:18:00', NULL, NULL, 'Hadir', '2025-05-23 19:19:17', '2025-05-23 19:19:17'),
(146, 4, '2025-04-02', '08:13:00', '17:25:00', NULL, NULL, 'Hadir', '2025-05-23 19:19:17', '2025-05-23 19:19:17'),
(147, 4, '2025-04-04', '07:26:00', '16:08:00', NULL, NULL, 'Telat', '2025-05-23 19:19:17', '2025-05-23 19:19:17'),
(148, 4, '2025-04-08', '07:20:00', '15:30:00', NULL, NULL, 'Hadir', '2025-05-23 19:19:17', '2025-05-23 19:19:17'),
(149, 4, '2025-04-09', '08:15:00', '17:19:00', NULL, NULL, 'Telat', '2025-05-23 19:19:17', '2025-05-23 19:19:17'),
(150, 4, '2025-04-10', '08:07:00', '17:58:00', NULL, NULL, 'Telat', '2025-05-23 19:19:17', '2025-05-23 19:19:17'),
(151, 4, '2025-04-15', '07:12:00', '16:34:00', NULL, NULL, 'Telat', '2025-05-23 19:19:17', '2025-05-23 19:19:17'),
(152, 4, '2025-04-16', '08:10:00', '16:54:00', NULL, NULL, 'Telat', '2025-05-23 19:19:17', '2025-05-23 19:19:17'),
(153, 4, '2025-04-17', '09:04:00', '18:16:00', NULL, NULL, 'Telat', '2025-05-23 19:19:17', '2025-05-23 19:19:17'),
(154, 4, '2025-04-18', '08:05:00', '17:06:00', NULL, NULL, 'Telat', '2025-05-23 19:19:17', '2025-05-23 19:19:17'),
(155, 4, '2025-04-21', '07:28:00', '15:58:00', NULL, NULL, 'Hadir', '2025-05-23 19:19:17', '2025-05-23 19:19:17'),
(156, 4, '2025-04-23', '08:20:00', '16:57:00', NULL, NULL, 'Hadir', '2025-05-23 19:19:17', '2025-05-23 19:19:17'),
(157, 4, '2025-04-24', '07:43:00', '16:54:00', NULL, NULL, 'Hadir', '2025-05-23 19:19:17', '2025-05-23 19:19:17'),
(158, 4, '2025-04-25', '09:02:00', '17:07:00', NULL, NULL, 'Hadir', '2025-05-23 19:19:17', '2025-05-23 19:19:17'),
(159, 4, '2025-04-29', '09:40:00', '18:15:00', NULL, NULL, 'Telat', '2025-05-23 19:19:17', '2025-05-23 19:19:17'),
(160, 4, '2025-04-30', '09:20:00', '18:54:00', NULL, NULL, 'Telat', '2025-05-23 19:19:17', '2025-05-23 19:19:17'),
(161, 4, '2025-05-01', '09:24:00', '18:42:00', NULL, NULL, 'Telat', '2025-05-23 19:19:17', '2025-05-23 19:19:17'),
(162, 4, '2025-05-02', '08:25:00', '16:48:00', NULL, NULL, 'Telat', '2025-05-23 19:19:17', '2025-05-23 19:19:17'),
(163, 4, '2025-05-05', '07:36:00', '16:29:00', NULL, NULL, 'Telat', '2025-05-23 19:19:17', '2025-05-23 19:19:17'),
(164, 4, '2025-05-06', '09:02:00', '18:53:00', NULL, NULL, 'Hadir', '2025-05-23 19:19:17', '2025-05-23 19:19:17'),
(165, 4, '2025-05-07', '08:56:00', '16:58:00', NULL, NULL, 'Telat', '2025-05-23 19:19:17', '2025-05-23 19:19:17'),
(166, 4, '2025-05-08', '08:11:00', '16:37:00', NULL, NULL, 'Hadir', '2025-05-23 19:19:17', '2025-05-23 19:19:17'),
(167, 4, '2025-05-09', '07:14:00', '15:47:00', NULL, NULL, 'Telat', '2025-05-23 19:19:17', '2025-05-23 19:19:17'),
(168, 4, '2025-05-12', '08:35:00', '17:23:00', NULL, NULL, 'Hadir', '2025-05-23 19:19:17', '2025-05-23 19:19:17'),
(169, 4, '2025-05-15', '07:04:00', '15:32:00', NULL, NULL, 'Hadir', '2025-05-23 19:19:17', '2025-05-23 19:19:17'),
(170, 4, '2025-05-19', '07:39:00', '16:38:00', NULL, NULL, 'Telat', '2025-05-23 19:19:17', '2025-05-23 19:19:17'),
(171, 4, '2025-05-20', '09:29:00', '19:16:00', NULL, NULL, 'Telat', '2025-05-23 19:19:17', '2025-05-23 19:19:17'),
(172, 4, '2025-05-21', '07:32:00', '17:14:00', NULL, NULL, 'Telat', '2025-05-23 19:19:17', '2025-05-23 19:19:17'),
(173, 4, '2025-05-23', '08:58:00', '18:49:00', NULL, NULL, 'Hadir', '2025-05-23 19:19:17', '2025-05-23 19:19:17'),
(174, 4, '2025-05-26', '08:39:00', '18:26:00', NULL, NULL, 'Hadir', '2025-05-23 19:19:17', '2025-05-23 19:19:17'),
(175, 4, '2025-05-27', '08:48:00', '17:25:00', NULL, NULL, 'Telat', '2025-05-23 19:19:17', '2025-05-23 19:19:17'),
(176, 4, '2025-05-30', '09:52:00', '18:55:00', NULL, NULL, 'Telat', '2025-05-23 19:19:17', '2025-05-23 19:19:17'),
(177, 5, '2025-03-03', '07:23:00', '16:19:00', NULL, NULL, 'Hadir', '2025-05-23 19:19:17', '2025-05-23 19:19:17'),
(178, 5, '2025-03-04', '08:15:00', '16:16:00', NULL, NULL, 'Telat', '2025-05-23 19:19:17', '2025-05-23 19:19:17'),
(179, 5, '2025-03-06', '09:04:00', '18:07:00', NULL, NULL, 'Telat', '2025-05-23 19:19:17', '2025-05-23 19:19:17'),
(180, 5, '2025-03-07', '09:27:00', '19:13:00', NULL, NULL, 'Hadir', '2025-05-23 19:19:17', '2025-05-23 19:19:17'),
(181, 5, '2025-03-10', '08:22:00', '17:34:00', NULL, NULL, 'Hadir', '2025-05-23 19:19:17', '2025-05-23 19:19:17'),
(182, 5, '2025-03-11', '09:09:00', '17:33:00', NULL, NULL, 'Telat', '2025-05-23 19:19:17', '2025-05-23 19:19:17'),
(183, 5, '2025-03-13', '08:49:00', '17:32:00', NULL, NULL, 'Hadir', '2025-05-23 19:19:17', '2025-05-23 19:19:17'),
(184, 5, '2025-03-14', '08:40:00', '17:36:00', NULL, NULL, 'Hadir', '2025-05-23 19:19:17', '2025-05-23 19:19:17'),
(185, 5, '2025-03-17', '09:21:00', '18:51:00', NULL, NULL, 'Hadir', '2025-05-23 19:19:17', '2025-05-23 19:19:17'),
(186, 5, '2025-03-18', '09:44:00', '18:17:00', NULL, NULL, 'Telat', '2025-05-23 19:19:17', '2025-05-23 19:19:17'),
(187, 5, '2025-03-24', '07:04:00', '15:51:00', NULL, NULL, 'Telat', '2025-05-23 19:19:17', '2025-05-23 19:19:17'),
(188, 5, '2025-03-25', '08:59:00', '17:46:00', NULL, NULL, 'Hadir', '2025-05-23 19:19:17', '2025-05-23 19:19:17'),
(189, 5, '2025-03-26', '09:02:00', '17:28:00', NULL, NULL, 'Hadir', '2025-05-23 19:19:17', '2025-05-23 19:19:17'),
(190, 5, '2025-03-27', '08:31:00', '18:29:00', NULL, NULL, 'Hadir', '2025-05-23 19:19:17', '2025-05-23 19:19:17'),
(191, 5, '2025-03-28', '08:02:00', '17:01:00', NULL, NULL, 'Hadir', '2025-05-23 19:19:17', '2025-05-23 19:19:17'),
(192, 5, '2025-03-31', '08:20:00', '16:42:00', NULL, NULL, 'Hadir', '2025-05-23 19:19:17', '2025-05-23 19:19:17'),
(193, 5, '2025-04-02', '07:54:00', '16:38:00', NULL, NULL, 'Hadir', '2025-05-23 19:19:17', '2025-05-23 19:19:17'),
(194, 5, '2025-04-07', '08:28:00', '18:04:00', NULL, NULL, 'Telat', '2025-05-23 19:19:17', '2025-05-23 19:19:17'),
(195, 5, '2025-04-08', '09:51:00', '18:23:00', NULL, NULL, 'Hadir', '2025-05-23 19:19:17', '2025-05-23 19:19:17'),
(196, 5, '2025-04-09', '09:54:00', '18:53:00', NULL, NULL, 'Hadir', '2025-05-23 19:19:17', '2025-05-23 19:19:17'),
(197, 5, '2025-04-10', '07:04:00', '16:30:00', NULL, NULL, 'Hadir', '2025-05-23 19:19:17', '2025-05-23 19:19:17'),
(198, 5, '2025-04-14', '08:22:00', '17:11:00', NULL, NULL, 'Hadir', '2025-05-23 19:19:17', '2025-05-23 19:19:17'),
(199, 5, '2025-04-16', '08:57:00', '18:01:00', NULL, NULL, 'Hadir', '2025-05-23 19:19:17', '2025-05-23 19:19:17'),
(200, 5, '2025-04-17', '09:32:00', '18:56:00', NULL, NULL, 'Hadir', '2025-05-23 19:19:17', '2025-05-23 19:19:17'),
(201, 5, '2025-04-18', '07:18:00', '16:19:00', NULL, NULL, 'Telat', '2025-05-23 19:19:17', '2025-05-23 19:19:17'),
(202, 5, '2025-04-21', '07:57:00', '17:11:00', NULL, NULL, 'Telat', '2025-05-23 19:19:17', '2025-05-23 19:19:17'),
(203, 5, '2025-04-24', '07:11:00', '16:51:00', NULL, NULL, 'Telat', '2025-05-23 19:19:17', '2025-05-23 19:19:17'),
(204, 5, '2025-04-28', '08:31:00', '16:37:00', NULL, NULL, 'Telat', '2025-05-23 19:19:17', '2025-05-23 19:19:17'),
(205, 5, '2025-04-30', '09:29:00', '17:54:00', NULL, NULL, 'Hadir', '2025-05-23 19:19:17', '2025-05-23 19:19:17'),
(206, 5, '2025-05-01', '08:25:00', '17:58:00', NULL, NULL, 'Telat', '2025-05-23 19:19:17', '2025-05-23 19:19:17'),
(207, 5, '2025-05-05', '09:03:00', '18:20:00', NULL, NULL, 'Telat', '2025-05-23 19:19:17', '2025-05-23 19:19:17'),
(208, 5, '2025-05-07', '09:58:00', '18:53:00', NULL, NULL, 'Telat', '2025-05-23 19:19:17', '2025-05-23 19:19:17'),
(209, 5, '2025-05-09', '07:13:00', '15:25:00', NULL, NULL, 'Hadir', '2025-05-23 19:19:17', '2025-05-23 19:19:17'),
(210, 5, '2025-05-13', '07:46:00', '16:11:00', NULL, NULL, 'Hadir', '2025-05-23 19:19:17', '2025-05-23 19:19:17'),
(211, 5, '2025-05-14', '08:22:00', '16:25:00', NULL, NULL, 'Hadir', '2025-05-23 19:19:17', '2025-05-23 19:19:17'),
(212, 5, '2025-05-15', '08:22:00', '18:14:00', NULL, NULL, 'Hadir', '2025-05-23 19:19:17', '2025-05-23 19:19:17'),
(213, 5, '2025-05-16', '07:43:00', '17:03:00', NULL, NULL, 'Hadir', '2025-05-23 19:19:17', '2025-05-23 19:19:17'),
(214, 5, '2025-05-19', '08:39:00', '17:04:00', NULL, NULL, 'Hadir', '2025-05-23 19:19:17', '2025-05-23 19:19:17'),
(215, 5, '2025-05-20', '09:43:00', '18:57:00', NULL, NULL, 'Hadir', '2025-05-23 19:19:17', '2025-05-23 19:19:17'),
(216, 5, '2025-05-22', '07:31:00', '17:10:00', NULL, NULL, 'Hadir', '2025-05-23 19:19:17', '2025-05-23 19:19:17'),
(217, 5, '2025-05-23', '09:04:00', '18:11:00', NULL, NULL, 'Telat', '2025-05-23 19:19:17', '2025-05-23 19:19:17'),
(218, 5, '2025-05-26', '09:08:00', '17:53:00', NULL, NULL, 'Hadir', '2025-05-23 19:19:17', '2025-05-23 19:19:17'),
(219, 5, '2025-05-27', '07:35:00', '17:13:00', NULL, NULL, 'Telat', '2025-05-23 19:19:17', '2025-05-23 19:19:17'),
(220, 5, '2025-05-29', '07:32:00', '15:46:00', NULL, NULL, 'Hadir', '2025-05-23 19:19:17', '2025-05-23 19:19:17');
INSERT INTO `absensi` (`id_absensi`, `id_sales`, `tanggal`, `jam_masuk`, `jam_keluar`, `foto_masuk`, `foto_keluar`, `status`, `created_at`, `updated_at`) VALUES
(221, 1, '2025-05-26', '02:40:59', NULL, 'data:image/jpeg;base64,/9j/4AAQSkZJRgABAQAAAQABAAD/4gHYSUNDX1BST0ZJTEUAAQEAAAHIAAAAAAQwAABtbnRyUkdCIFhZWiAH4AABAAEAAAAAAABhY3NwAAAAAAAAAAAAAAAAAAAAAAAAAAAAAAAAAAAAAQAA9tYAAQAAAADTLQAAAAAAAAAAAAAAAAAAAAAAAAAAAAAAAAAAAAAAAAAAAAAAAAAAAAAAAAAAAAAAAAAAAAlkZXNjAAAA8AAAACRyWFlaAAABFAAAABRnWFlaAAABKAAAABRiWFlaAAABPAAAABR3dHB0AAABUAAAABRyVFJDAAABZAAAAChnVFJDAAABZAAAAChiVFJDAAABZAAAAChjcHJ0AAABjAAAADxtbHVjAAAAAAAAAAEAAAAMZW5VUwAAAAgAAAAcAHMAUgBHAEJYWVogAAAAAAAAb6IAADj1AAADkFhZWiAAAAAAAABimQAAt4UAABjaWFlaIAAAAAAAACSgAAAPhAAAts9YWVogAAAAAAAA9tYAAQAAAADTLXBhcmEAAAAAAAQAAAACZmYAAPKnAAANWQAAE9AAAApbAAAAAAAAAABtbHVjAAAAAAAAAAEAAAAMZW5VUwAAACAAAAAcAEcAbwBvAGcAbABlACAASQBuAGMALgAgADIAMAAxADb/2wBDAAMCAgMCAgMDAwMEAwMEBQgFBQQEBQoHBwYIDAoMDAsKCwsNDhIQDQ4RDgsLEBYQERMUFRUVDA8XGBYUGBIUFRT/2wBDAQMEBAUEBQkFBQkUDQsNFBQUFBQUFBQUFBQUFBQUFBQUFBQUFBQUFBQUFBQUFBQUFBQUFBQUFBQUFBQUFBQUFBT/wAARCAFeAl8DASIAAhEBAxEB/8QAHQAAAQUBAQEBAAAAAAAAAAAAAgEDBAUGAAcICf/EAE8QAAIBAwMCBAQEBAQDAwkFCQECAwAEEQUSITFBBhNRYQcicYEUMpGhFUKx0QgjUsEWM2IkguEXJUNTlLLS8PE1coOSwjQ2RGNzdJOi0//EABsBAAMBAQEBAQAAAAAAAAAAAAABAgMEBQYH/8QALBEAAgICAgEEAgIBBQEBAAAAAAECEQMhEjFBBAUTUSJhBhUyFEJSYoFxM//aAAwDAQACEQMRAD8A+mA3QY+tEAM01nLZz96MEdR0r1rPm0rCBJOD0FGjYBI/QUzIueATg0SRgL+bn3pWV8afkeSQ7uaU7FORzTS5P2o1IIwMfeqFxoc89RyBiuadostjg9qbkiDrz+1Itvu4JOKWwH45PM5HFHlm600HEbYxzRs2OvFIQ6AGHXBpmV2Xj81D5hTmmvxAaXgUgUSXA25cn9KdzuXb09DUdMbfSjBB4BotlcUEuEUjPFORzY470yG5xSkelK2UoJBPKTnufSiViVOcU1nnnrSlgenWkmPjY7yACDmlWTae1MhtvbNGfXtUuQ+KBllJx3p+NywGTz6VEYAtwM0+nBAPFLkxpEkuqcZwaVJeMA0yG3n5RwOpocLk84FKyqHxJ82Mgj0oi7H05pmIDniukAYY3YPpTsKTJAbauOD9K4DKkE9e1NQhkXDGjJJ9aVsXEcUDbgUYZSPcUyGz3waUn/60rYKCQ5uBPA5pBgEUA+XnOa7djFLZaQ7uAGKRmyR2oAR1pevU4pV5D47HHk4AJoQ33oDjHB5oQTnHWiiuFDxcOeaQ4YHHameS3SjH/wA5poXEUc9+a5Wwee/c03uweoxXOd3JAI7U7DidMr5yrgU3CJEY+Y+4EfSlLkHI70isQADg0bHTHg4Gcda4vgUCHrkVxY56gikFHNJtpproEENxRswU4IwKjSfMN3YetMKHDcZHyGm5bhlQkDINNGVFHBwaj3N2qQsGIVTwXJ4FF0NKySmpJbQjcuFpqTXIJP8A0gAHavPNf+Iej6dbI15fQQxZIYvKoK4GeRnP6V4n4u/xF2LXEsek6TDLF0F07shb7AA0JNg48XR9RanrEEURRZF3Mp74214D8TvE8GiuzW12n4hWwyq4ZiO/0rwnVvixrGqM6XNwrQt+VGXO0ZzgE8+lZjU/GNw0YEkw2dlXAFWoteTOz0m9+K17Ad1rKQ565AOazdz4nN6u55fLYHOPevOrnX97godoNRW1GaQnMmeeK1pg+NUeweH/ABvPZ3cQa68pAeJc4K/3FWWp+Mmu9deeKRWZ+DlgQxxjivGI7+WHb84dvY04niJoblDtOFOeelJSa6E689HtEmtzPbEqQrE81634G8Z6fp2kQpd3SQuseOckk/QV8tDxl5zKEGDXpPw/H8Wi86TMpLeWiHpng/7iqtvsylGNUke06T48u9SvH/hmltchif8AMlfYo++K00Gt6zM6JNbxW8hBOxSWX9eKg2epaF4L0i3ivr+2tfKXnzZACT1OB/4Vn9R+Pvg60kHl3sl3JnlYIicfc4FXd+DleOmej2N3ebwZ0iJPQxgj+pq6Wf5eW214i3+JvwvECVtdSfH8ywoR/wC/V5ofx38H6yRnWFt52xiK7jMRHtk8fvSv9A0qPU4LsAlcNj1rpLhpmI6L0qssdWtry3EkUqyxsMq6MCp+4qTaXSlCmfmzRy+iNDscqvI0S9V6g04ynBB/SmfJK3BlHQjBqO0zrcscMR0GKfIXBEhrZce9LIkqoCrbh6God5+IYgRoWHfB5pDflI/LMZVh70+QKNEpJt4G75WFOBgw9GqNHKHX8pUj1pPNfODx6GjkNofSFkYtu4P8tRI40bUJGY5OKlhm28nNRHxHdI5GM8U06JavsmgBSSABmuYA8nk+tM3U7JAxUfMBxTFrdm4hR8cnIxT5PsXFLolyEt3AptVKEnHNczDqxwKhyapD5xi34YVSkwcE+zSMnQbsCuVecCkBB46+9EVwR2JrmbO+kETjjqacAVhnFNo23qPvRb8d8ClbQJJsQNjNcr+gxSA5z/WlV+OBTtjaocR9vXn2o1kyOhFMhh3GKI8jIP60hb8DjEE5NcWGBQ7sdVJArvfOAaRdM5nwCAOKiWr77mTjO3in5SBGeeKjwgAllPU9ahstKyxAHQClzjtTQk28MRRB+Bg8UA0EzAngHNGvFNkgKPWh3e5ospIe5JpWDCgWQE4zSmTkg81NsVChsLnv6VzE4ziuLKCMV2/OBjPNHZVIWPg8DBpwqQQetBj1NO7sqOaQUKpKjg5+1L5ZyO4NHGysCenamwWDYzmkVxHQ23IxxXBsnPb6U22WGOlcZCflpDpDxIA6596XkqcfrQqo2c8ikZvLHB49KV0FBbsL6/SlBIHTNNLKDkEcelEjHPAOPrTsqhwEnr+lJzntihYE+ooQ7KeKVj4j3UelKOV56UgY7c9T70gk3A8dOtJsfFink+x70W305NAG3DuKUOMdcn60WVT8hdPagZW3Zz1NcW56ZFKxOKVi7A6PjFKQc+1IpVm96XcN2AeaLY0ht8s2BxXRoQeTk053yO9CF2ksSBmi2Ohd2cj0plzxxksKMMBk7h9KallUDJGDTTFRzMQNxPNQb27WK3klaRY4YwWd2ICqB1JJ6Vivid8WNJ8AaHezzyJPfLGfKtFkxIzduOuK+G/iD8b/ABR8QLuVdR1J009idtlASkSj0wOv1NaRi5bRJ9D/ABN/xT/w68ey8KGC5jXKvfSqWGf+gcZHvXhWufGfW/EjFdU1WS5QEkRgBFB+grzGbWQf8uQHywMZB5qjuNRXzsKXK5rXghddG61HxBFNGxwNxOQ3eqt9YYxH5v0rJC7fzPzZX0p43hHG8YParTUdCi2y0uNWfqckdsVCmvzJyc49KhNqWeCmQO4pqWfz8lflGPvQmvA6Utj9xqQQYUHnuaijVJ4HJDZHpUOZ/nHJ+1IzhcjJJNHFdj4wZbtrZeIbgVb1FNtqcoIIbIPaqhrram1jknue1AxaIbgc/WlsHHVGs0y/3zKzE4HYGtvZ/E290K2MdhJ5JzuDYyQ2MZH6CvIrLUWhJJGQTjg07PqeW+XcBQ0zN43VGy1bxRe6tObi5u5bmVjkvI2TUGPVLiWTAkbH1rOxag0i7SfvmpEF4EPJHT1qubRPxOujULqjbdjSEYpyDUNzfO3mLj+Y1lEvPNckZPtU1LldowcEdqrkmuzFxXTR6t4I+K2ueCrhv4fcb7VsB7eX5kYD0/0/avrb4b/E+z8f6PHd2qr5yALPbBsvEff+9fAltduEPyMo9RWk8HeNdR8IavDf6VdNBcIQSOdrj0YdxS7J+KHZ+jFtM7KNuWU+vanldM4YYPvXgXgP/E9Z6w8NtrFkNMnbAM8ZLxE+/GRXtlnq0OqQI8brIjjcrocgj2NJ3HTRm4KPZYSXAIKxjJ9fSg8kyJyBn1pmODspIp1kkjUKrg0uyNBhcJ8w6dDTFwSSuOopGWYgAyYHoBSpCq8lsn3pkuh9TuAzUTUNwRWT+U1J6d80xOGkVgDxjpVr9kUgXkLRdM8VU2X8RWNkEKxfMcOxySPpVxbOPKGR7Yp7gcgdadjj+JX29pcq+ZpvMU9sYpq60dJpi4cox6nrVmSzH2pCQeOuKLBpWW7LwMcY96c3EjkUIUE8nNcOG6Zrns7KCWQdxmnMg8NTIfB/LinAN4zmkKmFjJ4ziizhTmhUsvPUVxGTnilaKp+RBIckYo9+cAg02ODx1rsEt70WiqH0fkjbkUm4rk/sa4ZHQYPrSYOOxp6BKxi4YspzTVswjQAnnNDqM5MJjUYZuBiltYiqqHHzAdahuxpUTTiQDPANcSiYAPNJtJHHHvXCLJ5AJ9aSGk/I40g29cUo5HyniuEYArsNjrinZokEiBhycGjMeOh4psen9aL5iQCeKlyHQqruPIxRD5WwBXEYx6UY4IPX2qOQUCSe/FLFnj3oihPOBSqoRhuzT5hQpdlG0A/WkGQckHNFuG/IBx70jZLClyTHQQmAH5SfWl3ZzgEH1NLtGOf2oVOxupINKwpihyBjJBrss3BBIp4gMRkV2AeBzRaBDagAccH0NFGNvPrRKoQkkUjLkkngVDLUbDz680DA5ylch3KeOBSo2F/3pFpCpuHU5pd5OQBzTY3Y9c/tRbWx1xmix0ESzDAxn3pNpUjGM964HbzjJx1rguBkmlYwGcA8E9e1L1GcmkcbmxzSPIwPAx9RQGggVQHnBoAxYllNEi8ZYgn6UDJhsL+1FgKkueo4HpRSShcYGaEALxnn6Us3louWxmqTCkNYVsknHtWR+JHxH0T4ZaC+p6zOQD8sFvHzNO/+lR9+T0FQfid8YdG+GmkzPcSR3Grsp/DaeDlmbH82Pyj618L/ABT+IWvfELWTqOt3wmKKUhgQYjgX/So/371tCKf+XQVyWib8Tvii3jnX77U5LdbVLjAjgBz5ajoM9z3ryu+kiYswPXnFBNe4LDduFVclwpZ8da6XSVIKklR122fytxVVczc4U4NSzJIy/kO31AqJdW+45wRn9qzYl1sS1n4Ic4J70gnLy4UjA7035HlqVBznuaOO2WOPlgvvUNMfC+id+JWOLBOM98VCnuTklOabaVmGB8yinEO+I5UAewpKxcGhtpHdeVP1ArokZ+UwW9DT0aELxnFPRW7SN8q4I9KuyeBE/CtI5zGQ3pRG3YgrtIx0zWjs9DuJk3qDn0I61Ni8KXDqXZSO54qVJspRfkwvlGM45FL+HbYTuwB/LWt1LQQEOV2uO9UUulSqDnLelVzY3FlWsjK+0DipkKADLEfamjA0Z5wPY09ZrCJMSPyT0HahNvsbdKgkuGgYhEBY9zTitOzbnUcc5qZPYwogdTv+hqMl4ynbgenSq0jHXaLaw1orFtf8vTgVLSdSu6Ln/aqeOF5CCMA08kc0ByrAA1bqjBzvtGksdSljXO72Ne8fA74wJotqdMv5WFuHDLL2XPb2r5+s0EtpkMu8dQTVno2p/g51wgI7n1qk35Ja5VZ+hmi6wmo20U0EqTRSLuWRDlWHtVusp9zmvlj4d+L7m0gSfTrolEIMkJGUz7g/1FfQ3hbxTB4i0qK5Q7Jh8s0R6q2OftU0zCUUujRswwMmhIVuh5qO8m8DHFEjELg9aaMJdiuxU4B5rlYgc9aF1AO7NNvIQcdKYrrwdAzJK64yM55qSr889BUFG8u55Odw6VJYkj8uRVC22PmVc8A/UUDsq9sk+tAHPGBXPuYc9PSgKZd42sMc04enWgyPWu6tjHFYWdtB4zjFdwCOM0OQvShRyWA60NoB/cp4AxSrtPXpQAc80vfnippMZxGG44FGpyeaHzAW6ZNIWyxxxRVAOMSc8mm2YlcDrRFsD3pokg5zUlJjUoXevrmpCROygsOKizPuuEI7VOE/ygAfrSs0pCqwBwelEzKgPv2FIOBnFKpB60WNL6EjZiuSftTmM96ElQOTzXDHOW4osEObAPeiLYFNYzjByKM8Yx0qGOhzJB6UIkGevNEGBHpQqoDZ4JqBhhgGHFHndTaZ3elObc0aGgkTf3AosgNtptSQSF6UaMp4b96Qw2BPfOe9B+U8c+9KPmbCnI96dXbjnBNHKiqEA3LnoBTbShcDOKWRsjANcIVIyeT/AEpXY0g1k3j/AMKXZkcnNAsSlemDTg4GOce1HIdC7Btx0FCI1bn9q5jlSAT96RBtUHrRY6FwRyp49KIHPIGTSeZkcHHtS+YBkVLY2qOOSOOKHGPTd9aUyLuwDRZwBQOkIoPOODSMxORjPvSuDwRUW7Mqx5VuRQCRzOxbGT9aehjONxbk1WxTSMAGapkVwEGCc/Sg04D5T5evNeb/ABq+I8fgDwfe31u6TaqiAQW4OSueN5A6Ae9ba8uJcfL/AMvB46E18cfFfxlNei9icqpnkYXMrfygEgIP71cNsnjb2eEeIPEd5qF7Pd3c7z3c7F5JXOSzGs7cXUt0pzlRjrXau2y/cpxED8oJzxUGe8k5xXS3svikQ5mIYgkk+tRU3mQ5UY9aSaTdIS2R70sCB2xzzSv6HRJSadEwvzJTUzeYQdvzVc2GmS3WI4UO4+1aC2+HVyqCV0JJ59qy5NdlqDl4MMlhLPhgnFPvp6bQJO3bFb4aHPagRrFnHtQHwHd37CQoE9qzeRsv4mvBh4dLWbhBj0NSn0EiIFV3N7VtV8HTaehLDBHqKixxiFiNmGpqTa7BR/RmrfQcR5xjPUGrLTfDHmMOSgJ6ir2PTpb1htiYD/VitHovhiUBS/Az0zS5st49dEjwn4UKktMu2FehcfmP9q18fhVPKctBsjIOCU61eaBpdqYA08hLAYK9iK0wEcqDJzGgACn0HaumMoVs5Gmno8I1rwPIZiUAZT1wvSslqPhs2rshQggZ5XH9a+l9UezKKIbYQnvgVj9W0u3vpCzRqXxgFhzj0rKaX+06Ma+z5n1TQvLlLKxBNUU1g0bE9xXuPiTwtGsjFYRjPVRisNqPh5sEpFjHqKx5Pwy3H9GIErJGFII9zTkbIRljj6VMvLCYZyu5V7VTyqzSH5do963hb8nLOL+i0ieTIMZz6A0skkuCZCyn2qq8zZgBiD60Zldlw75roujCUC1tbk7cAkA981aWN0YmysgdayyyIDtLYFS7e6VCAuQO3vSbklaM/jXjs9N8JeLZdE1SGdctBnEsYYjevpX1B8EvFFvrN1qMdu4KIiHHQ55r420a6jMirNgqfSvSfBeq3Gi3K3dhcNBNGQyOjYz7H1HtVqVqmc88euR91IVOOKcKjbxwayHw88aL4z8OW19sCz8xzovZx1/XrWrG4rT2tHJxrs5PmG1utNqCHZWBK+tLIc8Dg10QEQOTnPWrJkiNM6bwyclTg5qapBUEHmoc0a4YheTT1hJ50IbGD057UjnktkgFvrXFsjkUnmfN6D3pHkHQc/SiyqouxhW5BP1pxTzmhJbPI/alU5PcVjdnZTQp5ro2HTHNKq4PNKGAPoaVFILeRwBiuBxkEVw55rgD65FLRaSEyM0qkZNISM5ApQ2c8UWFB5A9T7UEjY5AOPSlAwPegkOBmkCQzHH/AJpY8e1S1AI4qGrAvnnGalJhhwcVNI0oXlfWjB44/egPA4P2pQx9DmjofE7nuad3dOcimg2SOKcIzzxUFUg1Y8jGaWQFu/NB/L149KNW46dKmxiiPgZwSOhNFuKnn9uaFW3k9qIY3e1BX/gayYbvmlDHg5NBgHvzXZYHG370h6HC/oSKEndzk1wU5oivtxUsqkKr8fLx70qEg9eKFSMcURIC0qHQ4ZsDoMUSTseF/L3qM/IHenoXCKaAaHTJgZ5Ao0ZWHBzQhRIuSetAp8t9oGB70dDSHiQeM4ptjs6nj3pAxdiMAn2oXIJxjNJspES4ugjcDA+tNrfyHoB0rr0JtyD9qim6t7XakkgRmBIyKRajZYR3T8EkH61NAzgtkms7JrtjbyLmQsPUKakL4x0rcA0kuOn/ACjQXSRdkl+oxj1qHc7yzDJIqvbxlo5bH4pwf9LQv/ahk8RaY5ylyMnoCjc/tQLXgliMKBng0DE7hg5oUv4L4K0cgx0wTzTqyQxMczR5HGNwoKQ83zIp647EV8m/4pfDFjo9vZ+QwguZEBKnkugJySfXJFfWRuI/LAV1fPTa3+9fC/8Aie8aP4i+IV/bo4NvYoLaMjoDkk/161rjVsnpnz9dgJOxZtx7DvUC4czHCkqKfuYs3BZmBJ6kULWxHIJxWrdhVOyGtk0jDHP1ra+DvAf4+RZbwMEPRE4zVd4es/xFyoKZA717L4YgWCFN3U1lOTS0b40nsl6P4ZtrCILFAijv8oJNWraZGyAbABUqE7en2qwto8ruYA1xKTs74p0Zq40CJsMFGfpQ/gDbxg4zj0FazyoypJX7VWagwVOQNvtVLZNGSvoPxCEFRjFZ6TS0835kxWvuCGOACBUVoAckjNF0XxIVlaxRqPkJFWAKIwK9PrTW4x4+XIpuSSPzMHg+lLkyuJd2V8YWUA5NXsetEqM4+o4rHq+0DBqQLxlXrj61SyNGTxpl1f6m0hO5s+nNVL3eTyajSXuVJ6fWoQuf8w9CPan8g441HySL6EXakZwPesvqOnmEsoHFaYTKTuJ+1Qb51lU88e9TzQ3GzzjV9MGWxx9qyt9ogwSBye9eq3NkkgNZ6+0vLkBMr61UZqzLJFtbPKb7T3hJwSD3qNGCuflLY7VutY0PKMw7daxd5CbR2CgqfcV1wmjz8kV2RV5bO0jnoasEIYKvTFQYkJ+bOM+tS7fJbaDub2rqu12YNL7LXTYjJcoFcrz3rb280ljEu05A4zmsPbL+HZCWAY1r7aGSa0RBIJC2MAVcUlo5ci+mfV3+GbUvP8FT7lAdbpgX9Sf/AAr2pJmbHFeQf4dNAk0nwVJHcBWZrpnGB7CvYEUKOAT70m/yOSavycGO/npSuvf196E4pQQQOadmLQXlluT+1RrSURSSxE8BsipWeDzUF12X8bEYVgQTVdiaJ/LYPUUkgKnI6VwwG+U0Lk7sUaEl9o0RyeegrlbAxgYriAvHX70DNk4J/SuajrHd2OgzXA5PIpAQmOc0jcng80C7CDbTxzRckcUK59K5mGMcg+1HRaWxeQK5SfTFCvAJ5pd2O9Gi6FLY75oJHxRMwUVFnuAq8Hk9BRZRJjUEcjinWjwAVqPbvmNc9akkgL1qLXgavyJgiuOcdc0o570QwO2TUtlIFWyOmKcHNNk56ilGPcVNlUGW2g4ANGCW9qZ+lEp98UgUR1OuB+1KQUbmkBC89+ldI3zetS2X0FgdjzShsdecUCuPSuLBee9IY6rhu9E0gC+tRrfJkZuakDH3oHQkZwBkfajwGz2+tBwKNRnqRQAqjj1NCCc8jFGDgHBpMDGc0D7OWYq3FOPIrryOaitIvIIoQ2QTkn70ikh8vs6Gh3FjkGmWYkdfsaESkcUi+IFzIUkyxGKzHidGutf0aJGCB45uSM+nbNX162SGJ4qg1e5R/FGiooyRDMc/pTXZXQL6CW5kuC2PQU5baDEykvJNx2BA/wBqtCQRnIxTNpdN5bhsHDkAgdqKY3Ir7bwhZWQkInu5yzbibiUNt9hgCmrOG2naZUV0MMjRkFs5IqVqkd9OubG//COORuiEgP8ASqzw/FLClyJpBLKJ33yAbQzcZOO1FAmQPFc89nbWscBZHmu4o8jjA3Vc+aJ3csdztyc9zVb4vYmDTSMf/aEAyfTdVpPCUcsByDT3ROr2M39/Do+nNLNLFaR8hWlYDJ9B718A/EPUzqXiXVLjzRIsty5Dr0IyQMV9CfHPXb7/AIjuVkLJBBABCDnaFI5I+pr5b1GQvcPk5HrW+LWzStFasAkc4JY+4qTFbKr7JM0kQGCTwKk2yrJMcZxVyYkX3h2DyXBH5R616TojGRVKrk1jfD2mmYj5TXouj2BhKhcAVxzaZ2YYJlvaxlhyOfWrWOE+WGB5FM29sFANT1XZGBjr2rlO5RI00zMnIA98VRXgaU8E4q8uYSVxn7ZqIbQKOv601YnEzt3D5eMjmo+GIwP6Vf3lspjIJye1RrO3RZMSKCpo7HVFFIjcjFCbRuu01votF0+eItlQ+Pl57+9N3WmQCPAdBgelUokOSRhtrDsRTc0pAxniry+sY0JCt09O9VEsG1sFcmpC0ysklycHIFMtctE3ABHarQ6e0hBGfpUiPRtw5TNKg0inS5cgnGPqKbctN1AFaP8AgGVBwfpQroo9P2oogzRtyD3YelRrqAFCVTitTJpIizgYFQ7mzjKEd+5p0TJWYyWyWTO5c1lPEnhAahmRWMbAdAODXoN7aCE8HFQZYS6HpinFtPRyzipaZ4de2s+nOIp4tuOh9a6CURkMuVb2FbzxdpayxlmAGOgrAOrozAHGD0rvjJUc8oQj0WUcvmuGOWGa9O+FsFnqHiCwtr1lRJHAUseM9s15LazFW+bP9a3XgW5kTW7BguNs6HJ+oreDtnLkSq0ff/g6wj0rTEgiQxxIcge56mtJlQOorO+HZ/xVkhDYBAJHpV0tshXbzn607PLklexzcM8nihPzEgdPao5sQp3K7fTNKRMnIIYdx3rRMhxRKD4+X9aZvFLRZHVTkYpuK4WQlclW/wBJ61JkJMZGeKqxcQbeXegb25omcsvYUzDH5C4DcZpWGcZanoVNGnHIGM1zgeuT6ULEB+Gx7YojnrwRXMbiKWLcjij6N7+tCGpdjZzn5fSgqkOBsd6EkE85pCcdKBpAQMDJoKSSHCeOORXDk46UEQPPNEGGTnFLRaS8MSWM7M8moMsbAjC9TVi8vy4GKg3ErPcRIDj5skj2qHo0WybEpXFOjGckZpqM56dqcIyPes9Fth5z2xXLz7UKtjr+tLgUhpnN1BBotmeaEftR549KQ0gSMd6UKetLnnFK7Yx/WhtjB3ZPWlwxIHTnrS8tzn7Uq8tikHYo+Qk9aLIc5zxSgZ4I5pcDPb9aA2cGC8DpR991ApzxjihVm3Fev1pFbDYHIz0pQmRnOKVeOtIzAD1plUc77eM5NMNOeetNvKSTgAChHTtSGgjLuOO9EHxTRApuSUDgGkUqJJnVgARzQmQJyBUQSH1GK5Jt3BPFBVC3n+dF0wBWR1q+Sz8SWEmclLSbr0AyK2Q+dSO1ZLxh4LuPEUkEtnfPp9zCrJuCBgynqORQVop5fH8yA/8AZYj/APiGs5qmu6xqd001rqM1hHxiKGQ7frTk/wAK/EkasBcQXIPR2dVJ+3FVj/DzxHCSDZyuvqi5X9jWds0ikybpOs69bCQ3+sTznd8io6tx7llNXdj4ya3VlNkXZm3M5mGWP0C1jZPA3iLzMrZ3HviJqZfwP4xaYG2snI7l4nyP3FHORooxRu9b8QQ6nBpq7DE38QtyVJzxuxWzuHI3cZGeK800r4deJpYvOvhHG0REkcStl3ZTkY54+5qRqOteILUkTrLEwGCHhAP9K0U7Rj8dy0ZL/Eu9r/wLNKUVLgSpGkg6nnkV8dStmRhncc17h/iA8RXmo/gLCeXCRqZQgGOvFeIGMdF5I5yK1i0loclumNrGxbl8L6VcaJZ+dMp9TjiqlB5kgGcGvR/BWheYEmK/KOhx1pTlSNceNSkafw5pPlwqWHHY1s7G0CR8jJpnT7ZYoh8ozTl3f/hYiFBrzm5NnpJKKpFrZwo/JPIqZLPaWyZmlVSOgzXnl/4gliHyMQR6VQX3iq7kyN3A6nvXVCGtkSnXR6Ld63ACxRgPQ1WSa4hzlhn615bd6/cnOzcx9M1T3HiS9DEDI9jWqguiFlrs9bl1tM8tTP8AGEkHytXlCa3dyDcxYVJj16aPjcar4kDzpnpv8ZKYw9EdbZhguTWA0/WJZmGcE/8AVV5a3olG09R6VDxpCWVNl+2pDdyxOaT8Sh+ZuTVYIc/MeuO1R5JHhPGT9ayeM15xZpIriJVz0PoTTyaskfTBFZgXTbSSRn0NRZ9VNuSDyKn42Fpmyl8R4GCVA9aYHiGPpx9q89u9fBbHTnvUVteWM8nIq1BkuUUej3GsRy4zgiojSrJ+XHPYVgU8UR7uHGam2/iIOchwDRwl2Z84Gpu7NZ0bCAselUU1vJCxUqRUuz8Qo2AWDH2qwaRL2MlcUqaIcoswfiK186zf5c49K8qu4gsz5PGehr3XVLLEMikZzXjHiKyaO9kQcDNbQddnLkV7RXWrFmBA+UV6z8HPD8useJLSRBlIZFdww469K8stIWCgMc/Wvsb/AAz+CIrTQDq0uC18qeWhPKgZ5rsjx7POyJ1s98023jihURKFQKMCpbToiltwG3rTMZTdsV1OPQ0zdxCKM7Yy6vwxHb3pqjz5EqS4VBvYgJ/qJoVBdid2B7GoNza/idMkgkXKlSBSafazx2cKPO2UULyOcAetapJoz6eyXIoZxjG9e9OJMWBUg8GhhhCgk8n1PekST/PYfrmirG19DR0hGLMbmf5jn/mHj6UX4Ix/+mfHuall8CoF5qDwnaqbj609mb0a1ioYBjjPrT0QCkjqKjmMSlS4HByPanFbk9hXKb0GSFbkcetd5nQ9qbDZbk/rR5wAMZplpX0GX3D+9IihR0z9aTfggf70YIOePvTGk/J24Y9KTGOOM0JbHHWiGQM9T7VJa0I2VHOKhFXa8DH8gHPHepE6lxwcGm4g6vhmJqWilolRthQe1GCOuKELwexohkKMnNJoscwrD0NEEPTrQZ3AAcVyk1FFLYYGDRcE0JJArlOR71JaVBYGaUsB2yaE80W35c80WAuMc5xSIxB461zEYJ70KHBz0qbBDoYlsk4oiQDxTY5P9qPk84otFAxNl2AHHvTu7gZzx3oVXHbFKAS3OCKNMpHO+71FDyOCeKNmwcAUmOegoGRnUZOKHytw6/vUlohnBoGVcbR1oHZH24GMmo1xtVT1NSsNg5FRJ1ff7Ui0MhgwyMih3DBBz9ad2letBJz1qXZQVrIFmADHHvRXGo/h2bbgn3oIQNwOOfWol1btLP8AKMipbaGtkg6gzkM4BA7CnTq4C/LGFH1qALdg2HBA9qN7cH8nT1qLbK0iwi1dWwCnHc5qcLyMbRt61RwwLGSWGfrUgM0vTkDgU035DRYCRml4RQma64uNgbOCuOQRnP2pEfKKOhpuVS0TCrtCpHxR/imM/wDxys8sUcMUkRESRjHyg9T9a8LLYHyk5Ne//wCLLzH8YWjgbohbbUOOOvNfPgR5pAFHB7CuuMbjYdlv4W0CbWtRihiXeXb5j/pXua960rSYtMtkjRdqKABj+tZ74a+G/wCD6Qtw4BmuPmJ7hewrYyvhTgVw5Hbo9LBGtsJpREpx2qj1G73swzTl5esgaqG5vC7YAyazWukdVJjN2hlJJOBVedLEuSc4NWsbF8AjHrmniYoU5YZ9zWykzJ47Kb+Ewxx/kBPuKg3NhblTlBn0xV5PdRtwrqaotSuVjyR1rRMylCiNHZwqfygCol1pSSMSvH0qLJqwViCSKeh1mIYy1PZnxR0enyW5BDcVcWP+UASeT3qJb3kdwM5496nIFGMHIocmNRRawXO5eeaYu5Aqsd1CgBGc8e1QLy4VQy0lIvihHvDGp5BNU+oXjsSV60VzcAcg4FQvMzJnqDS/YUiBd75Qck59qrLxLpo8RqTnua1AiR+cDn1pzy4RgbgD6VfL9GMkq7MLHa3aYyCDTiC8ifdhiK3LCFlGQCPpTLCMqQoGPeq5GLgn5M3a313kc4welazR9fMICymoT2UTLnChqjiyZCCCDz1FDaaoycK8m4eRLq03btwPavJfGlt5OoFhwvbFei6O5ZDG3pWO+IFsY5o2GAvP3pQW6C60ZayVXYBgSD1r70+CkBh+H+mQTJ5dwsCjcRjjHFfDXhvS21XVba2T5TK4UE+vX/avvrwKpi8PWSyKpQRjbgdq60taODNp2zRK76XCPMQSxk43rgbfrU2FmlUEgBD2JzTIi3xko2VI5D81HiWSyyUTcGOfzGnRxtqRaxxhAR29KEx4YenpUL8bMeSqqO3NcjXE/JIQH0qkiKJM1wkYznGKjpcR8yHk+gpz8IgIZ8k9yeadCxjoopi0NC+VlJ2N+lNG8UHJjf7rUkkJzjikYg4I4qqItGpf8pPIppRk85pwykrjGDSNxjJrnN//AAEAluCadCkt60CN19KNCMkg0MpL6EBKnkUWMng0hOe3FJ3J7VJSF24PXiiPy+49qEMe9LkY9KBiE5X8v3oY1Kse9KzDGC3HtSxp8uSxqLAcTJ60RJAwOlDkYpQBjOcmlZaHAu4Z7VxYYx3prDEdcUajA65NTotM5cnj+tOqp45H2ppW3Hg07uwMZzSKsJhs69aTcQabf5ziixj6UgCwzZNcAMc9aTcRkUuARxQUOR/KOBzS+c2QAv1NADsHc0qkk5FIehzJzmkLnPekNKSc8DFAwlYI2KIFS3B/Wm9oLcnmlKYNIdnMMj0psBjToA570WVI5OPoKCrGiCfrUG/lFpGJPKlmOfywoWb9Kstmec8UDoGGe/pQXZm5fENrC2J4ru2H+qW0kA/XFGmqWEylk1C1cDsJ1z+mc1eKgIOQM+tQ57KGQ/PEkoz0dQw/ekMhJdxPjZIjD1BFOBycHr6YpZNFsZeXsrVvrbp/aod34Z06XbiziQjp5Q8v/wB3FKxk7JPUYo1K5xkVVp4dtR+V7hD/ANNzJ/8AFTq6R5X/AC7q5A/6pN39c0hlm5XAycCijQMQB371V/w6YuP+3T7R2wmf/dqRDZ3Ct8l5Lj/qRD/tSAnMrBhjkUzOwbjLEUDWM0zAfj5Qc45RMf0rwbx98Sb2bXLuwguXOnQOY1CnazkdWJHXmhm+LG8jpFN/ib8HXOuSWVxZL/mQfI0ZBA2scbs/UivO7X4H6ZptvGbrVJWuMBmEW1Vz1IGecVfaz4h1NbSbyNSnMTowZJWMgxjnGen1ry/w1oi6tq0hkPmIg3FjyTzxVxk3GkzWWGUGXvifx1ceHdRbTbFYPJiRQGcFj09iBS6F4p1zX7iOC3gNzJIcLHDDljTuq+EYZIWBUdOrDn9a9H+BNlaaFZXF5c4z53lKwHVAAcD713ehwQ9TPjRy+rzP08OSG7H4R+M9UhE38PiiU9fOuEGPsCTR3PwS8Q2p3TPpsakbsGckkfQLXvNrq9rNbKYXGwjIBO01T63qpEZLYI6Bh/ev0H0nsHpZumj8q96/lHuPo8LngSPDrr4U63AA26yZW6FZW/pt4qqm8M3lqWiuLC3JU43o5P8AvXsVzqTKBjPXp61mvEc3mSOYYmibIICtu/evcf8AG/QxVuJ8Z6T+de8+odNRMnbfCfUIjbXM2jJeWrkNxe+WHXuM7hg/Y1J8SfBa3vpPxFro1zp1u6jEEOqRSlffLHP7UUWraza25ia+uXgDZEcjsVQ57DtUmPxFqU6MGeRgvXiuLH7J7fKXGnZ7nq/5N77grJ+PE8d8S/DWHSZCpuLyBem6VVcA+hK8ZrKz+Gltj/l6gsx9GjKn+pr2T4j3YuvDiLysvnqcjuMH+1eRi2lLkg5Pqa8L3j2nD6OSWN6Z9r/Hfe/U+64XPPSa+hYIPwyjdcRgemcVufC3gLW/E2ni906OG5tumRcorfoSP3rI22mJeSBZU3AclelbbwFDeaXp/wCHHyxk/wAp6j/5NfGThGKdn3UMk3pMs9T+Fni3RdL/AB82ku1qf54po5CPsrEisFcWGq6lcGK2sZp5R/KiZr0671uaw0u9s4xF5dypV2ZMuue4PavKNJ0K003xVDeW7yxSK+7l85OMVio4pavZs3mUW3RBudA19Zij6XeRkHndC2B96FNE1gH/AOz7pz2CwkivUZNRtb6UNcPIkAbhEYrn6461HuINHBIjjky38xnf+9exg9pyZknHyfOep94h6e+fg8yfSddDFRpd4B7QMadXRdaQAvptwvf5oiD+9be6hs4F+eV/bDk0ukx2Wo3HkieU8E5EhB4+9e3H+NTm1FTVnzz/AJfiSv43Rg44ZgSH3IR2NK1ldOMorFfUCrvx9b2nh27thEjNHIpY5Yk5B9TWak8VR7Nqu8YI6Zry/Wezz9HLjJnu+3+94/XwU4KiSkzx4Drx61IV8LwcZrPtdJdMCHb9amRW24A+dID7GvBnjUfJ7qyfIafSpApJPFUXxBg3W8T98kA1MsdMv5ExBcZY/lBXcSab8aeE/E2j6fBLq0EUlqxyrxONw+o6is422qKlKMS1/wAPfgtvE3i0TyA/h7IF2PbeQcA+3Br7K0q2W2tYbeMYjiXaB6Cvj/4P/GKx+HVrcWLaM87XEgeS5SfD8DAG0jnqe4r6z8HeJLTxf4atNWsEmjt5wSvnKA2R16E967Tx/UJ8rNODtQdCKamucL0GOwqKk74wGrpGG9XJzTo5ehQxeQD74qwGSBg4quVtk4bop4zU9iMYHAxSeh2huW4c5VQDzzzSrzgtx60zCFMrDJJ9ackIGRyPcUrCwi+W4IOKjT3UyTA7FeLuAfmB/pQFxbEc7gaUyiVwAu0VSM2vo2eeM9RXE7jk/pSHIHpSAjGCCTWNHWmhwEkcAEUiMC2M4NJu2DihXliaYaH24Uc0CPnPHNCc44NIuKljHCeaInA6U2fzcHiiJZhwcAUuykyDqN8LYxghiXbAwM4qZbZK8nNRruFZcFhyDT0BKJ7GoY+LZKyFPrXE5xig3ErmkDMe9SVxHd3y5ruoz2oG+ZaXdjAzmkykgkIzhcYp7tx+tVkr3MdyhiAaM/nVumPb3qerE4zxUlJBgd6LPGO1NOSMHtQm7iU7S2DQVQ+Md+KPb78UwtxE3RhTgORx0oCgu/HSnAw6L1oEIP1rhgMefvQUkjjnOTRIxDAN9qHOec5pNwJpbKpMfzzx0osA+9NCQAYpxHG3vRY6Ry4UHHNC9wkSFmHFN/OHypKj0oyhYcgY96Q6CSVZFDL09acOCOeaaVcdOnpTqjK+lArGpECnigaMEdKeYk8EcU3IcD/agoaCZ4xTc0ZHepCZY5ApJFG7BP2oGQmhZjnpRCFscDipLLz1olGRQUiMIC3JGKNYSAQP2p4jHcUm4FsZpUOxh8xRu3opOftXyJqrefdSnqWckk9znJr69uV328gByxRgv1xXyUsIkvmLL/yycj3qWj0vRJNsy/jDNhokhU4L4XPpmqX4dxASTyY+bgVb+PnNxZmNeBvB4qN4Ktfw2c/zDNQlUWzqyf514NndWy3sDR8KzDAYjpTOmedpWlGzV1cRu75Ax1qQzEjCnPtVcly0N3JC3fnNa+mzSxyuLowzYYzW1ZPt/Gl5ZFI5MOo6cYq3/wCNZZoGUqrq38pz/esvdhXB4qA24YC5x7Gvch7t6vH/AIzZ52T2v0eZVPGmaaTxdJGhQohB/wBJP96hSeL8T+YVBOMbT0qlJViRkg+pNRLiEZOOcV2x/kXrl/lM8uX8a9saqOFI0z+K45VBMAz1OGqNeeLZHi8sMyRf6QeKza5oyiyDk8+hrWP8i9WnyUtmeT+M+gyR4yhoTUyNXjWPe2wNuyeecf8AjUN/D9nb2zSSO42jOcVPhiCEEHFNavKzWzRopdyOgrD1Pvef1f8A+m2dPpPYfTegVenVIwd7qvlXghtyQSePpXpHhnUDPZI0oVSBtOB196xMfhky3Ik/NcN+1eh+HPDLQQDzmDNn8qjtXzmbK8jPdw4qVmgstCsdR0+4kmR5Jcf5YD7a8v8AGejPoV8rxnKtg8DlT3Br2G20y+EWIJVhQf6Rk15v47s9TBuI5szLnmQIOcdCftiso/Zs4tqjHWuvIpCzuF2ngkcVPTW4J2CNtI7MOKwzRSfxEpLwM9DVwsW38ijivrfS+9ZPTxUXFNHw/q/4/h9ZNyk2mzSz29reKFDEA980um6Xb6ZOJUd/MGe/FZ+GVgwyT9jU6KST8ysQfXNexD+RwtOUDwsv8Rai1DKwvHtqdWkt3zkRoQPuax3/AA/GyNv6/StfLNcOuGbI9TzQLbGTkj9q8/13ucPVy5Wez7b7Q/QYljezMW+kIsZABOKlQ2bRLx+hq7W125wKO1tRJIMjivnJuMj6CCcFSI9la6i7RLbzGCVmAWQZG334rVeIPhtqGlaJdalqOtG/cAYXYfmJ9WJJ/ajsrcR7MAGrnx94lEWmaNY4DJuWWYE5LAH8tZ43wekRnVpFH8Kv8PreKbiS/wBfa702zYgwW8ce2WUH+Yk/lXg8YzX1F4c0Oy8K6NbaZpuVtLVNixs2T9SfWu0SMahpdpOqNAXhVlAPK8VYRWa2qbclpG6nOSa05Hlvb/IdEasAQMetMTKQp4469amIu1ACecdDTN267NpU/ak5C14ISXiOu1/lPrXPOV2gSB09M81FeCN5QqrnI7npTMzpDqUNkMeY0ZmyewzgCndiS/RatOqEOjZIHK0a3qyA/Nt+tMMoIxIhyfSkW2jLZV2HsapUyGh8/wCccDBGecVIACYDAYPeoRjk3ZWTA9RRhWxhpiaroWvBt2bH+1crgj8uT6020mRjJxRKAFzmsDdKuhmS/iiu0tmbErjKg9xTkM8c6b4pEkXONyMGGe44pqSGOeQFlV2XOMjp2pba3S0jWKKNYo16IgwBRs1TRJVxyDxSNgHPagC4zxk0qk5pUNbHFGRmuJ460Bfnjg+9IZcDJGahoviIzCSbHUYp0cDGMe1Q4nZpDkYHoOoqWOmTU0Cl4oNWIYAnFFjoc9abBDf3pW7YFIOxzjGRQl89RSAnHtSk0i0g0PGef1o/My3PWhVsrikHzEcdKVhQ8RuWmzZxSEEjmjBPTFLyMHtUlJ10MmwTdxwPrT8cYjGOSPeu3elL1+tBSbDAA7cUvGMihGR/412TSZYQPHfFdtAPWuQkdMGlDc5xRoAg2TjvSl8cZx7UG4k9qJTnrzQCCD12dw64od2DXZzSKFDADrzRB8rgdKaKYGc0Sk4oGGDgdMUuARzSAnFJnPTigDt2BgDNNlMn3p0k0EjA85oGccjtSq3PSgEgPtS985oGGwHXpTRCr7H1pzORQMm/3oA4BVwfQ5r5o8ZWI0fxXqlrt2r5rFAOMqfmH9a+mJIwBjGa8X+OWgst5a6nAo3OnluenK52/scfapkrR2ellxnR4LrJSadon5APSi0SE27kdh0q2msI9TjZ5EWKYDO7FNWkPkqQcHFYXqj1pRVlhGwzntXTQrcR7kX51P5h1NLbMG9M08qtk5O32FRWyktbI7MvlEPavIR18sZJqJNJCU/5U0Tdllj2mr2BhEOOT70slwQSQOtbRyvqiHhT6MkLQzZLERj1oJLEAcXKHHXNWuoFpGY4AqoMTDJHI710RnGS6I+OS6ZFmg2nIdT9DTBdkzgZPsKmFj6fam5LkqMd/pRcQSmu2R4zO5/KRn1pyWb8HFnmSZhjAqNJqT+YETBzxWl0iC3ghV5QGk6561LaSHGMn2QfC2my3s7SuhwD1I716Tb2K2sAJAzjoayk3iWG1+SPantx/Sg/4kklBAkJBrHkacV4NTLqkcIIBwRx1rOaxJHeq6t8wYYPuKrru+3DJeqW91ownBOatppCdIyPi7w7HbOJ4V2lTVEtxkAK3I6gVstQ1Fb2EqU61mmsQZgpUAHoQKanXZhkjydoGDa4yBg+povNK/KeKlRaOxOI2z9aWXSLtWBBB+1VyTMOP2MrcgADqKmrIHAwD9qh/wAOuYjkorH3FGDcRgZjUD2osnhXRJK7ScZroGKyA46e1AlxMoyYw1IL6VckRqD6mrTXkzkn9Fot8YRu5GKrdUuZNUu7XzWy8sqRoMdBkUIMlzIC3AzyMVofAHhmTxV43tcrnT7QiSRtvG4dFzWkZK6Rx5XS2j6j0eYWmm28Ea5McSpx9Knxhl+dz89ZaTW30loIYVeVJGMZcKNox1GfX2q8Be4txIspYEZB6Zropnivsfvr9LVA8koQY5DHFUWpeJEEUcsUoaHcEYR/MxJ6cCn/AMH5OpRvuMhkQlkPOMdzUm60mO6urZ2RQkTFiMck9qYSjStEF5Jr3ykgjkhBHzSMNhX/AHpLzTJLZYLgMzzJKCxY5JXuP96v1jAYDHSjmkWT5dvbuKLSZCbXY3CS6Kcgj1xQswLbWWiiBjTaMcUfDP0OaobGjCAeeFokSNmKgZHrSSNuyrDn2oVUKc8ilsnRrgCp56UfH/1ppyQTj9KJWz2rI38hZwMr1pUZiDkUG4DORRh/TpS2PQg3EY9aNBg9aaWQg8DINGSeoOKL+x0OMVJ4xxTTBecftRNJtXFMSSZjYk4wOKXZSoS2Kqz7ck55qUJdw9Kh2IO3ls55zipgQAVILY4pAAx0rt1N5xgDOKUDNQaJUGX6URwRnP60IXBpcdz0pFDqEFMnANcMgjI/SmlIHXNGTnJDfvUhocz82B170bP2poHHSjxvoGF0zSg80gGR70qHmgdBfmpQNvvQnr60mOe+KB7DHWnM9sDFNilzRY9i45pQePShY4NIDjvSGHnIz2rgcgnPFCD8ppBgigYRPHFchJFAoINcTSKHxJtxxSvIMZH7UyDgUDuw4A5oKH/NBHtQNyPemw+OD+1LvBHvQAKjBGetOlwBg8U0H2jNcXyOO9Ax1eO+frRbuetRmZh2rlmzQBIY4PXNUfi3SIdd0a5tJFzuUlW7qw6EVcK5NNsN5OT0oKi6dnyzqmntFI/GAOM+tUo2oSCa9q8cfDW9ubqa70gRSxync1vIwQqfYng/tXj2q6Xd6RqM1rfW7W91GRujYgkZ6HiuZwZ7ePJGa7EhQLzTrTNnheKZjb5Of0o9wC56msmmjoVBeaQOeKR5CRkHJ9DQCQHJNMTNgHHWpV2XaEnkOMkAVDlZApOKd3NyGOajzDmtombZDkIz1qFOxOecfSp0iMxwAT9qFdJecZzt+tbWRZmmcRXActwD0rtf1K9udMki0+URysMbumPvV9P4cjPMjg+uDVfc2VpaqdrfN6ZpNp9j5JHjdx4N8QXlyXknj3jrJ5rbv6VuvBt1qfh63kttRuzdKSChdiSntk80/qmp2VmGcyEH25rK3XiQ3TERqWXsT1rVNyOeUuO0z0i98SxrFnOc+9eceKvHWoQ3ZjtbT/LB4k3E5+2KZ/jQhI8wMnpT6ahFM4J2tnoKdUZrI/I34a8Vajd3CJcR5QnnKEVrriTzCu0/NVGLqQINiKPepdoZXIZjzUtxZKb7L23VgMhyKmxXLoPzfrUC1kPTvUjeI+TSTRfNk9L/AHfmVSaSaSK44ZQPpUDzg3I4o93v1qW7KUkdLCqA4J+9QJGVvlbj6U/LKQeDz6Uyw8zHGDUkSaY/p9uJ5NgJA9T2r6F+EXg5NE0NZPLcNckyl5OCc9OK8z+Ffg8+JdaUSqVs4BvmcjgnsnuTX0naRRxIFQAKoAAHYDtXbijStnieqzflwQy2mWy2jwmJTG2SVPr61UQaXexrJDNfv+GXiPy4wjkehbk1f8tnPShkjwozwK6UzzLRD0jTHtLYmWQzOTks3UjtzUwqCv8ApPtXfnGQ2V9jQPMoKgNhm7E8n6UCdsaeV7dgDmQeo7U55gb5s80zdXItwpILknoBmujuBNyvHtRVk0x7eGX39aQsF/1Gm8nd0yKcLg8YxVJIYjFT+UZbvmgLFOG6UZAZeDg00cg+tFCNflmkycEUQkVTzQJ82cc0RQEdway0apnDJIOeKIOqkk5NCCo4zRblWnoqzsgkY4pd2D1yKEHcR0xR7QRyf0qaQ+X6BJGSaiXkgWM9hUphhTjpVffk4VRjk8nFS9dFLZLtCXUelSir7flOR6VGtQvGCakhiOBWdsrj+xUBByRRYwOlIG9s0vJ7UWNRoIDArjwKEHPWjIyMDmkUIeaUAA89K4rgUuM9aQ0GrnI9PSne3SmwoXB5pxXBOKRTO3EDpRA+tIWGfelHSkCQQ61xOegzXDiuJNItfsHAz1NKBg9aD5h16UoBp0VVh5JOK4Jg880DNjnmlVt3fFA9IcyOgGK4HjjpQlMjrmgCn1xUgI2VOSeKIMGFAeRgCuC8Z7UDDLce1A7cj0ohzwaCQcZoKOLc8E4ock02Cc96PcQOaAOz704G7kcCmuM5o92OBQArsSetCBzxSEg9KQnmgBwM2cUpOT702OD1NIT70DsUgc/vXiPxz0sQavYagg4mjMT4/wBS8g/oTXtecepFYv4o+H/494XuFRSbi3/z4yB3A5H3FJqzXHLjLR8/IGK5zgUZcKMfvUVJ8rjOPao8k5BOCawkmz2MbsmBjnaP1oXk6561HikJGTxSTfMh5xWXGjoTYzNdAHC00L3GAT9Ki3TbFJztxz0rz3xR4rmctFACgBxu71pCDk9ETkktm7vvFlpZkoGDODg46VGXxorxtsA+1eRNfTuA7EknsKstL1tYgRtLMeDxXV8aRxKXJm1uPFF1cMShyB0Bqlkubi7dgcqTQJeF8MEZD7ipUMqsMtItLjRooN9FHNokt5OA75UfymjbQBajKR4PqK0SGIEFGBalkmY5BIxQrXQ/jMZfaPMfnzvx2NVdzFLbHzAMMOwrbXTtICMjFVdxaqT8wOKr/wCkPEkVWkaswJNxjArV2OoQXEQKEE+lYzUZ4LVGQKd1USajcWkyyRscegrFwTIlcVo9bSQiTIqX5xYY21g9J8YxzFYZmw/qRWtgugy5DZz0rNxaM1JssUwQc4yO1dLKVwB0qEsxOemfenGkGBzzS2i1JBEbTknNP2yNcXEcMaF5JGCoAOrHpUPzy3y5r0D4N6D/ABnxPHPIu63sh5pyOrfy/wB61xKUpbMM0uEbR7p4M8Nx+HtCtLWNQGRAZSP5nPU+9X+5ki/ygAe+aSJQI8c8dMGnEUYIPNelR87JuTtjHmXakSEhl/8AVgD+tLezs8QPKg9c1JztAG0Lj1oJEWRTuwR6UUTWimjmfz3hXaISOXzk+9I+ny/ioZo3GyEMIwec565qwEEajhQB6UYITAwMinslkeOOViHk2ggcAUkA/wA184yfSphcFT3J7YqOFVW9DTXYh/BVfWmiTI+MkYo2cgYAzQq+Bnv71qhdBEMp+br60EgZuQacZwy8nJpl5WjGVGfagjkigH+InwsnAg1PP/8ARj//AOlOR/4ifCrnDJqKL6mBf9nr5ZEmw+po1my3XmvM+Wj6pegxdn1OP8QHhBxy9+o97cf/ABU8vx68IBcme8I//tv/ABr5SMxJwCPvSkO+MNiiOavBf+gxNeT6oufj34Wjj8yN72b2S3A/qwqFL/iL8Pxj5bPUZPYpGv8A+s18yiRh8pfJ9KUuc46j3oecuPtuI+l4v8R/h6RcSWGoxt24jP8A+qlk+OXhy6eGRZbqFAx3rJB82PbBIr5lIc8k4oEmzIUDdPes/ms0Xt+E+tLH43+EJODqEkR//m27gfsDVsvxY8Isuf47bj/uP/8ADXx2jsOc4+9O/i3I4J496n5Cf9BB9H2AvxX8KE4/jlqP/vEj+oqTb/E3wtKPl1+w/wC9MF/rXxst1Ic5JH3pVumX+ckn3prKg/rYvyfaafEDww5I/wCINN/9qT+9Kvj3w0zf/vBpv/tSf3r4t/Fybvzn9aU3Ui85znvR8kQftq+z7XXxx4cYD/z9pn/taf3qRF4s0KbmLWdOf6XaH/eviFLor3H3FEZ3YcNwfan8iBe2x/5H3D/xJpTHI1SxI9rlP70Sa5p8h+XULXHtOn96+Hjev04wPQUq3hHpkUvlRX9avEj7k/jemrx/ErT6een96eTWLCThL61Y+gnU/wC9fC4vZG27iGqTHcFwef2pfKg/rf2fcP8AErQf/wAXB/8A5V/vSDVrJskXtsceky8fvXw+LhkPDdaU3Eh7k/Q1Sm2H9cv+R9xJqNnIflu7dj6CZP706lxExO2SNvowP9K+F1uJg5yQMdKU30wYkNinzaD+u/7H3Ozh24II9uaU7lHT9q+GV1G5xguQfUGpEes3y5IuJs928w5pKdj/AK//ALH2+GYrkr+1ICW7ZNfER1u6IO6Z2+rmmRqs8xyXYr7tRyoS9vf2fcO8BscZ9KTcOp618PnU5yMB2H3pF1WcDHmOP+8RS5Fr25/Z9xCRc5BFC8qEfnXI9Tivhw6rO7fnb7miOpTuPz9PejkL+uf/ACPtlplVhlgB9aISqD/zI/8A84/vXxA2oyNw7n7GubVpVAGQR2INHNDXtz/5H3B58ZP51/UUhmQNjzI//wA4/vXxB/EnTGWJz70v8Td+N/H1qXkSD+v/AOx9wCVcnlT64OaAyBjx09q+Iv4m6ZXfn71y6tKCcOcduaPkQv6//sfb6sW6DP0FJ8wbkEfaviNdWmU7g7DHoakjxXqMaqFv7lAOgWZh/Q0+aYf17+z7TZiDyD+lNTx+ZGysmVIwQR2r4xj8X6nIcfjrrHqbh8/1ov8AijU8kfj7nPvO396HIF6GS8ml8X6cmg+KNTtI1HlpMdgHYHkf1qidh1IpJbia5jSWUszkfmY5J+9NGQ44bFR+zojjcGPif0FEjs6nNR0YMDlsVwm8tDis2abI2qwGWEgMQTWRm8KxysWxvJ65rXT3I2EMcA0xbqGbIORmrjNxMpQT7M7H4TQKAsQAPtTT+C40bfHHtb2FbaJQxxkZ9KktagoeRWvJsiOOjH2Im00gSxB4xwcipEjadfk7rdB9Bj+lWF7GUGBhvaqa5eCPJYGP3qr+zq5V2NzeFrdlLxMVz0AY1T3XhmVZCVnce2asBexDgXIHPc0kt6EHEyt9CK2X/wBK+RPyUV1pF3FytwR7YqoumvozjzFIB61pLu9kH8wIPrVJdxyXTHBAz3FDYri+zNapJKuTLt+vrUGCQsn5M59q1X8C84Auxb7VJg0SNF5INZNpHJlUf9p53eoUfeFIIr0HwpqTz2Mfmc4GATUW98NJM4xg57Vf6Voy2FuqqR0pSlS0cN07ZPRsqOMGhmuPLGMZNG6bUyetRHbkjJrPlfg3TTHoS7n+nNfTPwc8LfwLwxHJOmLq7PmsSOQv8orxj4UeDJPFuuqzoTY2pEk7sOG9F+9fT9oht4lXhQBgAdhXVijSs8v1WRXxRJaQRKcDJoILl5EBdNjdxnNEx3AZIoSdhwK32eYxx7nkKRzXM3GajNEpk8wk5xijDLtIANUkLQpYnnPFFhe9NNiMDBrnOQOaZm0Og7eFxk96akG1hk4NdkDvQMd0nPPvVJgkh3zCOp/aheTPy/fNJnA9R60LgdTxTTJkkiHcSXhlCxPGsXupJ/XNOIsiKA7bj1zQy2kkrllkIHoKWFWRtrHfirshKKPkJmIIFGqBlJBIPrTDkt1IxRruwPmFfPvXR+g0l2OY4/PuNKWJIOcEelNoduORn0rmZieAAPelb8GmnpDoYOenzU4pdhhl2+5qMPXPPtR+Zkj5zQ5vyFV4DMrICDz9aaikDO5IFEyGRSeuKYh+UnkfWkmmUiVGxyc/lo05BxkZpiJstyRzTqkoSMAD1p6+xMdG6NeO1cJQ3JGKBZGJ5wV9qMjPT9MUqQloXeGxilBJPXIoABx2+1EcEDmo0i00EGweaIyYHpTQfjGMiuDHjIplpjolBOO3rRvLngLx60w2T0oxuA5OKztl9hg89CKc81ghAOAe9MByTycH0pS5yQe9O0MkJOyrgHOKeS4PRgBULdj60SttPP71am15FRMNyqnpmmRMDIWPT0qONxbIxiux7VXyMEqJhuwBgCuW8A9aiZx712B60LI0OiablWO0Hr6Vy3AANQTkHg5pQDyOafyX2PSJv4pSCKFJ1ZiMfrUQrjvmm2YpyKXyNDJv4hU5zn7UJugRkA5qIS3GMY+tKT/1U/mYaHGmZv5cA1xbI9DTO5sc/tSJIGG3oazcuTsB4vgDcdwrt4Y5HApguCcZ/aiDbT1xQxDwbPbIrt4B6YpjzSW7V0sq4y7BR6mhb0J0ux9ZCM/6aRXAY5qRfadJpy2CP895fDMNqnzSEHG35Rzk9hXqngf4DXF/HHd+JJTp4Y7hYwnMhXtubov0GTXRHFN+Dmn6zDj8nl+nWVzqlyttaW8tzO/AjhQsxrY2/wAEfGN0U32K2CN1kuZVBH/dBJr6M0DQdI8J24i0uzitBjBZF+dvq3U0/eXwYsWIwBXVDAl2eTk9xk9QR81TeHptGD2VxI8k0BKMzrg5qtmg2n3Fev8AxAgj1BVuhgyoNp9xXll/Htcnrz0rLJj4s1xZfkVlZgE88Ghk3BeKR3G7gDNAwb3FY0josExnBL5zTscYIGODTayEn1FOJIQelKgux8IqfWua4wCuaZDsW5zimJroKSCKpCGbuYFvlbmqHUUaVWyDj1FW9xPCozlRmq6fUYmJXcCParE39mTvNPkvXCxjagP5jUKXR2gYkSMTWonvIIidpGRVPqGqROdoC89ea3Ss55bK/Tk33Ox3Jx2q9FhGMEHFU0c0MUmVNS01QEgA8Z5NU00TvpFqka5KqvHrTTwlW4HHtQQzsRlTnNEZGU9M5rnkPaFEKxtuPP1rnuxztBpiR+CM1EafYD82T6ZqbVbJpslSzlwACatPC3hq78VaxDp9koMj/M7t+WNO5NQvD+k3vijUEsbCEyzNjJAyqD1Y9hX034A8FWngvSlt4lWS6cAz3JHLn0HoBWuPHbs58+ZYl1sufBnhW18JaLFZWi/InLyHrIx6sa0B28dfpUfzlCgDn6U6ZE29TXceHKVu6HcjOQc04XLLzURZ1BIDYovN+Xg5oom0Hv2gYWkB3HPf0pt3JHWkLEAHPFVsluxzO08mlZh1qK0u056g0u4MM9KaEPlielcXOBj9cUwsh/8AGiZiRjPWn5JaHlOTknn0rnJLHjNMRNzz+9Ph9uT61YjgWwQRgUzGAjHauc0bykYOABQeZg9cGiiWrPjsNhRlc47125d+elNmbeoxgfWlOVTO3P0r5xQf2folRa2GzAtnOfpRk5AzkfbrTSLxn9jRSMW4OOPSrUV5ZFJPQeS3ofalUEDG3B9aaGU+YNz70qzEkE8n3pV9Gu2E8hRTuOBTcXzcjOD60tzIJFI7npiuR8IABjHeo6JfINTInQUfmEj3pveCeX21zOCMA/entjr7H4QxUkU6Q4QbSB7VHikKDAx96cL85C/elsNDofdj1FKW6A8Zpln24LA59jRblIA3GlQ1FMdL8YxXbh68+lNFgnHP1rkKn6+9Va+i1GKHWkCr60quSPUU3JhxjIFdv2jA4qTXXgc3DJzxnvTiYUdcmoyHzBk8e1GrFenSpaXgBwkBssaLzQRxTRk9eaQOBx0qdiHQCTktgUpcbeaa3gtknFJ5wOQBRsqh8N8tAJM5BIzTZbGCc1yMGBbPPpQMcLbe+RSmUMPrQBsrnv70HmbiRgcVSaYh1nx/NQGYEjnI9aCNQ+doyR2qLd3sFqG8x9jDqtaKDl0ZuUY7kyYxBOQcmhDhjt3fN2Aqj/4mtlbbubJ6YGad1PRrxtMe8uJBp6YzH+KbYX9gOv7VvH0s5dnJP1uGHTsun3IRu+X2PFMXN9Fbgl3AAHY1grHVktXDTs9wR/KWOKvX8aaNcxLBdaHaSBRgPE8kUv6hiD+ldC9A09s4Je5x/wBqCm8WAy4jj4H8xpq68XrCOCM96qNZ1nRhb/8Amy3mhbnf58/mEccY+UVhbrUWnuCqHOe9da9Pjjpo4Mnr8sn2einxg79P2rXeDNanvp7a00nTF1LxDdSYjkmyyQjPGF6e+49K8e0sFmAOXYnAVeeelfavwJ+E9z4J0qO+l02aTWbtAzy7P+Sh52bjwD61v8cI7o5HmnPybH4f/CK18KZ1XU7o6n4mnAM15KdwiOPyx+g7ZrXzh1b5ZAwHpVhY+G7mZw11J5Wf5FOW/X/61YX3h7T7XTpJCJgyr1D8k/pikotmXN3sx9xqcsOc5xVHqGtSEEBsfWtM2iiWHcHfOO5rOatoTLu43jP8o5FUoP6F8iMvq955ttIGfqKwM8qTO4zzzWv1mxmjWQDLDB4PBrzaa5ksdSkilBU9Rn3rmzK9no+lf0O3UW0kAHI71EW4KAq/WrNZFuF5PPaodzZnJGM/SvP6PV6G1k3cjFCbgITk4qM7SQngHHpVVqkzGMkZU9qOyeRcnU1BwfWs/rutiJzs5J4rPTeJjblkcnNVWpaxCyea7Acetbwxvsj5E+y1k1sspDMAfXPSqhtcRJWG8j71m7zWUuMmN8A+9Z641Ty5CS5NbqH2c08qXg2upa7tjwjjJ96qJNUO7O8sD2rLvq2O5OfWgXUy77SufenxMflvwbW31RZFIDEN9amwXojKsWyM1h7GWQy5KkKKsZL0MyKrECpcGy1lPSbDUUnXqBjvUqW8CJkEEetYzS55FxhjtxVo14saFmbgdvWuZ42jZTUvJMuro53bsLR6LHb6lq1rbXl9DpttK2Gupz8qjr+p6c1Q3uo4gkl6Kozn0rLN4omurR4NgkO7cr89PSrxQXL8ugnNwVH3n4G8M6RoOjxR6S6S25G43COHMp9WYVqUcPhVIY1+e/hb4par4alAsr2WzPQ+U+M/UdK9c8Kf4kNVsZAb2OK/L4y7sUf9R/avReFv/Bnh5ZpPZ9aRo8ZweRTpBbowz6A149pv+IrQdStwlzHdafN9PMX65HP7VIs/iFZSXAaw1izRZHBc3LlCee2RjNZ8ZR7M0k0eoLEd5bcTjtRpKxzgHis14VbUXgMl1cC4ikYtG4kDjH1Fai3AwexouuzNoQTEH58ilLZ705jeORkU3NsCk7eaaYuILAbc7sUkcmDydw9qZGxhgcGkDBiQMjFVQuOibuVgCDSj161CLE45xTiyHH5hRRFEsnGCaLcrDA6+1QhPvbBzx3pxCC2VXn1zVpCskeXkYY5rtiAc9aASFTnbQvMJDyMGq2S9nx0IynQg04JNqjPX3qKtxyQVAHY4p1fnHOeDwK+YSb7P0SpDqk7gWBzRADBIPPpTbNs28nPekScMSAQPrTf6Cg0+Qnrk+ooMMWPzHFKDkYLZz3oQuzqTt75quT6Y1aFPBHG6ii6E4pPMBU9h2puNuD82RU77LTJBbjoK7PykgAGhQ9x0os4XvzTi7Gq8nKwfvzTokCnlqjDBJxmjjUY9frTvwOkSCwkwxPHtREZwQM0xuB4H6Vxc/wAuftUaESHkwo6ikV1LDqajPI7HhsCkB2kY796SoKZLDZJOMjtTbFw3oKQnjNcHBJHQ+ppuhpMdSQDrgmj3Z7YpggE9efSlEuOCMj1qGkWOtjIyaHfkcU2XG6hLKCKnYJjqyY6LkUoyxLFcUCtnOBQPL5YJdsCqqXgq0kSPM2Dkg/WmbicW8RlcbEzjcemazmreKktiUQ9O/eqnWPiHLf8Ah620oIixQzPMXI+Z2b+gArtxemlN/keZm9fDH/hsv73xXDbvsiw7etU154snmc7G2c9ayMd8WbLHJPpTxmDoOct3r016XHE8HL7hlyaeiyn166hl3pO4OezEUB1mW8dmmcu57sc1SSOzOQowfWla7/BxEuoJPeuhRjE4/mlJ0aW08YfwVSIFjSc/+mKgsPpnpVZqPiWXVpmlnmeaVjyzkkmsPd6hLc3BAPGeParTTSSRzuNWnZnODb7LJ7/YcFqON/M+bOc1W3sZMueg9u1OxvsjG1uabf0SoOKHb6YrC6jAB71V2RI5zTuoXJVCM4PoahW1xtGD8xNS5MFT7RpdOuRbTI4ByCCOeQa/QL/C98TH8feD1tL6XzNU09vLdicl0/lY/wBK/OiCYYyGOa9i/wAPXxPk+H/jqwu2Y/g5iILhc4BUnqfpVKpppmvSpH6d2dvGCBj5qqfFmEtVi6724xUrR76O+iSaJw0bKGVh0INQfEEpluoE4xyTTgm2c03RlbxJbSMFQcVRy3hLHzAa31/aJcW4HoKxOp2LROeMr610NNHNGVmc1DT4L9mwdpPcda818b/DHUtSkWfSTHdTRnmJjsdh6DsT9xXpd0jQvlRwajxag0Mvzjg1hKClpnZiySxO4nhb6PrWi5XUNLurXHd4jj9RkUMd+si/Mf35r6OtrlLgZ6cYxTraRYXC/wCfZW1wx/mkhVj+4rnfpIy2juj7hJdo+bGjjmGQc+3rUS409JflwPoa+mj4K0SdSW0mzI74hUf0qg8QfD/w80J8uwFu56PbuykfbOKzfo2umaf2EH3E+YtY8GW19uJXy3/1qOawPiDwDqaI34fE6f6c4NfTmp/Dt4fmtLjzBn8swA4+oFZjUvDtxaq3n2zAD+cDI/UVk4ZIbL+bHPp0fK8/h/VLcMospmA/0oTVJf286ja8bIR2YYNfUs2nxE/k59cVT6j4dt7o5aFWPrtFL5m/8kU8V+T5jAY8NnIp6CN1ffg+xxX0JL4XtGTD26OB6qKrrnwnYs3Fsq/QUfKvon4mujx2KW4d1AVtv0q703TpHbLxn9K9C/gVtb/L5a+3FMNYKXJUAY9KznlVUio4n5KKBDCAPy/QU6qebkMSfqKsGtQSQB071CuHKEInzyMcALXNyk+jpUeKMv4w1IW1qLaLJZup9qrdDuBbwxzPF5m1uRjqKi+Mbww3xh58xfzZ7Umk3iyaa8RYK+cgetdccdK2YTyJukO+N9KbSNSS6hhMVndr50OehB69/WpPhbxDdWjZgufw5I2scBgfsQRV5bXR8W+ArjSJ0zfaYTcWsmOTGOq15vbXBgkxggHmuyOT49dnFNRlZ69B4piiUC6u47hOpVbZAf1Ciot34vja4LWyvHD2jJ4rz6O9eRvkziulvHjbk/vWryKXZy/HfSPYPDXxI13QWSfR76W2BbLR7so31XpXuXg3/EnDdKkHiKFLZjhRdWoyM/8AUmf6Z+lfHlhqJm2qrkPnG0d62Vxptt4fSNb++8y+dQ7WsWCsWegY/wCr2pRcZaaFOFdPZ93aR4ntNatBLpt3BexnndE4bH1HUU/JcGdip3IO3vXwEuvy2b77aaWA+sbFSP0q88N/FTxLpc4a01K73dt0hcH6g5FL44t6ZF+Fs+4oPlwN2TRO5Dj5hXz74Z+OPiBbcjVbWycdpXfySf3Of0rYWvxi0u5RPN1WzhkbgpliB98Unjkhyg12eptKBxmhF0qnBOTWUtvE1lexLJDqVvIpH5o3Ug/vR/xq13bvxykfYZqad7JSXVmuJwu7sab/ABJU4Bxz2rNy+JrOOIqdQUn0BFMQ6/aSjIvwx9MiqofHRs4bjzDknNG0rLngGsSNesEc775h7g1KTxJp4QbL77k0UTxPmfJz0wPTFEobPHT37UPJYYbnvzSMW3bS2fcV83JfR95diMx3ncd1Kqdxj6UoXacFsUuwFcgkCpTdaKtCqobBPX2NPJGGye31qL3xninITljzgUkn22V2dKo6KeKJF2jGQPtSmVRkL+9C0YJ3E8exrTQtoWIkMec0W/c+Bnim35XavJ9aFC0ZIOfvRaHbJAwoz1J7VwBY/mIHpQo2ATjB9c1xZsjFLY06C83aQP1oycr8vNMSM/YUglwoGefSlx5bKpskrgqc0rOAgIHNMlsgDNc5ZTkEke1ZtUFMdDjGDxXM3uBUcSMWwRijd+gXCnvRsdMeQ7hmlBKc0CuAmAwJ/rQNuBPzfY0dBQe8ljxmjdgoHy5pgucCqjXNYeyiAQ49WNaRxvI6iZ5MixR5SLS51eC0B38kDoDzWU1zxe7Eqi+Uh6cAmqK81V79ifNKkcj3qmaWWZ2ON2PWvYxek47Z836r1ssmoukSZbmW8lJYls1EmQqSrISfelV3YFgcEdgabe7mBLbcr3LV320eU02rsCCQIWzz7elT4pUZOHwfSqWG5LXBBXg1Z20/kv259aVtmLbQ+hiDHc2DVTreo/L5IwwFFqTOznZz7rVNcAhsn5yfWm19Fxb7BgBbJ/J96l28zxtgfrmo0RP8wC+lFJIVIPArLaZ08rL+2uVmA3rj/enZriC2U/6+xqpt7kFPmk5pu/lR4/zlqe2QyLqN6Z7jtj1FIJwrLtOD3zVfJIA3Q596ch+Zsnr2qJNocYl7BOCgIwT3qXZXZiuAQ5AB5xVbAoAwZMCuMrJIFU5Geopwe7KcUfpv/hM+I6+MvhzbQzS7r6wHkSKTyQOh/TFeq3zGa+Ruor89P8N3xDvPAfiKOWUEaZc4jnbPCHPDge396+8E1Qz6da3ULGdX/mToR2P/AM+tdbdStdHNKH42X0vmEdBjFUl/HGFKuVH3qytobu+i+ZxEuOAOTXNo0cZywDnrlq6o7PNbSZh9R0xyMom5TzWcvYHiPMeD6GvWXsg4II4NZbX9AwryIORUygzSGRdMxljqDowU4x7VcJf8DBIqhu42t7jkY9aft7gbPzVz24s3pSNPb33yk5yfrVTqs4uJjzgCoa3xTIBx9agX14dx3E4PfNbRlZlKNdD1wEK4BAx6VV3IySB36mjF6CCA/FQbi9Tle/1p3YKTK7UNDspjueJM452jB/as7eeFLfP+VI657NhgK0r3CngsOa6K5SNWBVWB7tWMscZdo6IZJryYDUvCd0keYSspz+XkGsxc27ROySJtYHBB65r17UPGFppFtI8kdtKyrxFnJY+lYXVfHdhK7MvhzSgx7mIsf61xZMMI+T0cOXJPxow13EgPLBfrUEQidvLgRpWPaMFj+1auXx1PA2bew062PbybRQf1OarbjxxrV9OsEN1K8shwkMKhST3/ACgVx/GpeTr+RpXRTv4X1adcx2EyIf5pf8sf/wC2KrtQuNM8AQTz6lPbzasEPl2yEuVJHAPHGe9XfiDxNP4TtWkvrs3ms4+S2WUssGejMc8n2FfO+vX8moak7zzMS7Es55Jyck1usUcW/Jjky5J/iuia8tlr168l7drZtKxd5TGXAJ7ACntQ8OrpEUNza3kWo2cuQJogVwfRgelUUhhX5YcsP9R61pfC7/jYpbBxuWddiA9m9a3c+emc6TXRG0DVn0rUxOj8FSpB9CMEVn9UQLfymM4UsSPSptxEbO5kiZSJEYqwx3HBqPdFZHUHAJ7msa2aU0tg2gOw7m59BQzPk89Pc08LOWAbmOEPQjoaj3JBOB09a0tkMsLIMqh0XcfUVMiiuJiqon0XoKzSXcltJ8pxz61d2Gus+Fc8D0q1Qq8mmtbaWKA/iTEn/TuyaYW5e2b/ACnxg+tVn4syknPB6ZNIyHbktz7dq1a+iFxXRdtqbsVYyESDvnrU/Tprq6kHkkk9SazVnazTsATtTu5qdNrJ0pDDavknhnPJP0p8mtWTwTdmxsPFP8OYKVHng/mJrTWHjwzMPO3Ad8NmvJLe887Dvwe3NWEV3KPmUfQ1fJPs55Li7ij2S38c6dBuYq5PeiHxY0WyfDrMCeyqD/vXjJupTIMyksewNPNcRPGyygF/U1PFM0xylf5dHr//AJX9AdyCZlB6ZTn+tR5vitoRBxLPtz2SvFJrMvJmImQegqHKrK3CEn0rlyXF6PRUccuj28yLzxx70SEE+1MvPuO1VBz1NGXbG3bt96+cUXZ9Q42tBO4PIU8dzSxyHaVI+9BG4YbSc+9FvRCBnNaU0EYtdnHgc9fWljYlTgnNCQH5GPaiJCLzyR6U6K4gRuxc5XP1p3pw2eabEoKkAHnsa5HYZOMgftRoYZZE6cUZzgY5+pqOZQx56n0pUJb8xJqWNV5HsswwxA+lJkoOpOO5ro12nOSaRyXB4oV+AtCCYsRt5o2BYZPbtTcakc4pWLBiTyD6UW+mUmg45AOgx9aQbw5OMg+tCDtGSvHrSh8HjJo19Cf6CZ+wByPahUktkihkdg4x+tH1HXH1pX+h+BxWG/OMUWCW4cfSmdwB/MCKbkvktcu5GB0yKlW3pBdKzS2GmIkAkuYTIH4jGdu79eK87+KFpPpmpW8cs9pLDIhKQ2sm94x6PjjP3rWWvhbxN4vu4rm30+4urORAyJ5qorIB/KCR2z0qFdeFZdR/HiXT/wCGWttHt/7Qvzq56fc19BgxrGr8nznqskptqzyJ23NiNSD6UMO4hgG+bvSXaywSsnAYHBB9ajBnQ5Vhk+ld2+6PHk43TH1JBYdCO9RJlllYgMSO/pT0h8wqFBD9yT1piQsCwKk46mptmfG+hiGRlmxjj1qesildwbJHQVUB1afarnn1qaFXAKMB6k1LTZoopIlzSBoyxBX6VT3YB5TI96mmczRmMHOKrro7XwCSPSp6BJLYzEWQjJJINPSksQSTk9qG1juLiYLFC0hPZRk1cy6I8MCzXUyRn/1WcsaTd+DRRvo7QtAvNZkIhgURD808rhEX7mpmr+FxYLtGrWLn/TFIWOf0q88KaLHqNuZL65kggBxBbqMeaRnJ3dgKjeJl0SxuDB+ES4kAyzxyN8v15xmot3SL4X2YSbTJS5wyyEehp+002cttYKi+pNWlholnqV8IxO9mrnhjggfWrD+A2dvem2muXuCrYyhwp980Pk+0PilpESLTrcRfPdqp9Nuar5rZo5eJBIueCtegw+GbO+g26Tpj3KwqWvJXY7YgMc7icevpVFrfhM6ZeQ3NnMJdPl+ZW3Zx6qamPdIbjR2nas9rEiKxC9xX2l/hf+JT+JfCEmi3U2b3TcCMseXix/sa+Or3w9b3GmPe6Xfm4lh+aazlTbIq/wCpSOGH71ovgz48l8E+MdO1DdiJG2TKP54z1rpxfkmmceST6P0n0y9kaIbXyB2q0Gobl+bmsboWrwXKw3FvIJLe4QSIw6EEZFaIyKQOcZrtxp0eTNpOmWKTq5zQXECXCkEDBqr8xkkODxUlLw4wce1bL9memZLxVoBYNLEnAHOCBWLht5HfahG4djXsLXCSoyyAEEYrJ3/h9I77z4DmM9VJ6VjKCe0bwnWmYuW3uUPMR+tR5bSacYKEivQZ7BZo8EDOOKrhprRE4TdXPxkjfnE86uNJvBu2RN9qyer6b4khl3Wlt5qd1bg/vXuBtEJ5+/FMyWSHouftVNMpTitnz07+KUJzpMxI9Mf3piSHxRdR7WtXt1PUs6j9sk19BzaRBKMFFB9cVUX2g+VkooYY7Vk4tnRHMvCR4S3hC7OTcOMnrsGM0q+FbeMcgn616vfaerIRgA+9Z6604qT8oP0rN4/s0XqGY1fAFhqgHmTyWg7tH1/Q8VUeOpYvhzp3l+H7LmRQkupz/O/I6DGMf09q362BHJx9KxfxTvrXS/C12bkgvOpijj7s2Ov261HFR2kVGbnKrPmvXdQlupGaRmZiSSzHknvWUdJLi4EaRtJK3REUsTVpdXEtzP5UWSwOM44rV+B9ftPAV5PczWiX966gCQNt8sc5wcHrmsfyk7Z0v6MC9nNbyqJomiJGcOpU1OsrqSznjljYh0YMNvYit/4u+Mt9qlypt7WCzhCABVw7Z9ckCsnd+Ib3xIAHVJ5I+QVjAYfXArRpN7IbkSfiDp5i1f8AGx4W1vo0uI9vTkDP71l5Y1eLLHBHQ4rVXGprc+Fls7o4uraUmLcOiHqKzEsgkhYFQ3/3e1Fmf5t7D067EaeTMN8LcA91pu9tNku0Sbl7EU7b6Zcmz814isDfkduM/Soc+4uBnOO1SpGrjasYuLZV4wc+oqMpMTYU1NydvfPvTE0bFdwHPrTaa8AkTrO75AJFWpn8kBgdwPUVl7ctG+4kVcw3QeIArk1dNE8S0bUnkUIr+XntUOVQ2SWO6oyMQTn7GpEQKIQ2SD0NUpV4Mr3oCG6aF8N696t4bzcq8/vVKVUnkbjUi2bYQeAPStU78Eu2y5kmYlcEZ9aj3TMgJJJPqDTTT8gbgvvSyOsq7BIR6nFHJrpCpi6fqL2sw/m9jWlhtW1a3e4S2by4seY6rwmemTWZs4wj8EOAa9WXVV0H4X6atsuG1C5ZpRjk7c/2FXHb2jRNr9Fqk6novSkZ3LZP5fSmt4z8oC4olnLLggnvkV8mj7R99Dyoq55xn0NdlQcAZxQrIETJUmkWRDyc/QU2/ork10PROqvksFoZJgGITDe9NO49D+tJ8uemAaabLTY8JDt9TXJwWJBweo9aALkdTj2pS4BHJUUroSewl25JxjFHvVRwOTTWF5YE/Si+UqCTg0NprsvocBdu/FHIPLUHOT6VGXegznI9TSiU7jkZzUJfQnTHsNkEEDNIxxweDTfmnsM0Ikye/pzVVIVJjjg7Bg/alL/KOKa+QuMHH3oyuV68DvmmuS7KoMkKBxz7UjzZbIHFcrZ6EH60DcHrwaTTCkh3dvxgc+1Q/EltNfaXbQWUPmz+cGYDg4xV34ehh/HxSXsTy2YOZBHwzD0z+lRvFOn3t1rNrPpmlXVro9v+REcO8nOSW5zXd6bC3KzzvV5VCNDvhmLVf/KPo9ub0SPAVmcIdqxoozjnoOg+9WnjG51/WtXl0eKG1kknle8l/DXIfgZ4Yg/Lgdqzy+K7X+OTywWc1trd1GLZra5U7XXIGQevOAMUxY3+qeHte1i2SWyt5gptpXSMqoBwTtx0PbmvXSrtHzmSaVJHm/ijT/wOoB2VYzKN5RWJC1ULhRuB+b+leia/4akv/DF5r0soYQ3SWkESL/zGwSx9eBXnU8znOCEYHGKtcq2Yfg3YksisM5O4egqNcShYjtYkn1rvmZgBKCzdcUwVdXKOmWz1NXVEOS+yG7+WwIxupJ5pGQ5bFLdKIpCrDPoRTZfERDc1En9GkX+g7AXE8qIq43HAY9KvZvDM4XMpVCO4PWqPS70icISc54Ga11xeTTwJHKFEaDJcdax3JlpRl2VmnQ3tzctbWaA7R87jgKPUmr200rSdPUzalcNqrsNohhyoQ+vvVfZ3aW0ACOSHbJQd6l654a1bSrlZ7u3NpuQSRrkFZE9VI4NVTibUl0ajwhbzeI9G1DSd8FnpsBF5LdzKd0J6ADB5LbTx7VlbzULfTw0VxBuznqMEjtU+01NksjdWMTlcAzx9QmP5m7cZ/emdR07Tr6xupLi4zeOA8FxnGD/pI9DVVe0Z8mndFXp8Z8TailtZW8NlhcKoYgyke571bXd1ea60elwWZieDIFpbpkqR+YnuT7msfcXcUMqixEiLgZdzzn1GK2nhyw1K3tD4jjvjbyo21Ll2+aV/Qevvniotx0aRk3EA+JLrRtFbSGdWspGMkix8F2/6z3x6VSXDTyw+f5hETH5UzwBWpi8P3V/rRh1wLpL3AM8t1coFUqepXHBJ6DFUHiO1tbK/ki0+ZprJDiN3OSw9adW+wk6VjGh61JpOs2twoEiq4DoejITgg1feMtJi8MeMdStrMMsEcu5FJzgMA2P3xWI80w3KSbQwVgwB6cHNWuoa1da9ey3l0+ZpTljjGTgD/atoOuznbTPsb/C58SH8QeHpNBupR+MsPnhJPLRen2r6X0+cTwA8Ejg1+a/wY8af8GeOtNvndlgRispXup459q/Qfw1rEN3DDPA++2nUSIwPUH/5IrpUt6PNz4+K5NGjd2BIYZFMvOwGRxipkgUpknOe1QZwuGwcVuefaGmuHP8AMD7VGe4c5yTRsUQZ71FknUd6VByQZuni+lEmojPIBzUV7hPvTBnQNwB9adC5EyWVSCQo+lNqQV9Ce1MG8jUdBmojXybuDuP6UUiuRNkTau4cimXIJ54FAt+GBB/egeUMMcVPFD5fsptd0wOplQZx1FZW5UD61vZZFYFCM5rF+IrYWsxYflPOT0FZuNG0ZtlLqE0Vnay3EzrFDEhd3Y4CqOpNfJfxN+I0fjXxJKS7pplu223QjHAGCfvWv+OnxaOprJoGlzAWyNi4ljPMpH8vsAf1rwST/MbLgge1cmSo9np+n/HcuzVnXxe2BsLG3jigB3OyLyT6msxdSu8zRwBnI64qVYecLWZbeQQRnhmzyfaoVnetpt1uC75FPBPesHLmqs6WpXohnzi2SGIU8gin1u7qzHmx5gRv9J60t/fy3V00jgRI5yUTpUSWQuwVSXHb2rLZo1Zb2+qw3IH4kljSCKJpPzCOI/zVUXFjNahXY70foRT8FvPPDkAkD9KV3ohRryXEl9cvi2Exu1XhfQfaqq4EiOSygNVzaa01rpP4OGGOAA5ZwuXc+5qsvJGlwzZyauUUioznVNaI6nzAMAA+9Ny5IwTnHYU7lMDHLUhUFM/0FWvozbbK52KP04zU61m29gagXA2tkZwaJJSygDI96zenRd2XUcZdgx4B71LkyFAzkVVWF0fyMcj3qwRxjNdCic7i7DeNfLG1SWPUULQ7GUkjJ7Z6U+00Lxjc+SOw9aAP5pyc7V7DrVxuOgHdhVfmxg96Vo0MZIPOeaTzN7AKpK+jVHaUCRgQR7AUOTSHy3TJVqiryrkEHkZraxeILe88HRaTMwE1tMZYZPQN1FedmcQtxkg+tGkwJIJPI7URc6tsUkpOke6gBPlXk0mCvJbHtXOR1XBPc966TLKBmvlba7Pt+S6OR2GQW3A+1OIAq7iB7YFMgkcZp1Swj45okrLTj4CjYSsQw/ShCc8j6VwjAUt0NDtfAwce9JNpFX9D4by0OBTTMG5PX0NdyqfMwJoY23rz1ppitR7HeWHAH6VxDAcgfWuwkYyck0iPlSBkD3pSdiUkxxSCm08GlHyrz3pkYPzZOfSjwGxlsmmlXkLXkcd8DHSmydvPJBpJEyOSR7UifIPzcehq0vpiXE4EBvynntRhiBjG0UBYZBJzSyjCDAwfWlbHa6OKKGB3HFOxuhf83yjrmo65XI5YehFTLDUYLBmd7WG6kKkKtwu5RnvinCMpSpCm1CLZOv8AXry10SSysmWBX/LIFGVORk9OTWVm0/R5IWnm1HVr26X/AJkkUigqe/BBP71ay+Ip7K6jME3kz5yJI1yy/QYP/hT99qP/ABXBKJ4kGtIheG/iG1rhR/JIBwTjoetfQxxvHDR8pmnyk5MxJ1C6gv4n0zUjqeHDRx3S4lVh+3HtivS/h9q/inXLye0TWJdJWSOa8nSIKQmAScZrzPT9HtNX8VaU1xFshll2zJGxUnAJyCOh47elbCxfw7F+PuI/EmoRRmNoo7awQGdgeCrseAvv3raLemNuLXVg6XYabq2mSTa9qWtXzmVpvwtkVSJj03F2zyR6CvINREMd/cLGjeUHbarNuIXJwCe5xjmvYvh/4bste1PRrPVb5/4bNLIZY3k2jYFYgE+hIGaxWtafYSaUtvZraRzQyHY64EjjJwCfoa1Tt0znlj59KmYGUouWB8tuwApFuWjQ7wWLd6sdd8P3uiRpJdwq0cn5XSQMM+nFU+wSR5EhUj+WsJ62jBwUXTGLqZRzyW96agkWd8MDk+1ddBjnvihiJTDAgGlaotfRMl09tNnicuDv56dK0eqKbfwxCzOTJcvu/wC6O1U13Mb+CEsfmQ4yat9bjzdWltCcoka4B9cc1Dai0awVE6xu20PRXtLm1WB51DmZl/zGXsB6CnNY1nXL7w3p1pqUUv8AAy+bKeZM4PPCt/tVYDqOuXip5Ul48C52INxVB3PoK0T+Mp7jwpcaFEElsmw6iYf/ALOw/mQ9j19q1qU0dE640jtLhk0LS57EQNdPeYLxopLZ7LWT1nTrtFXzITFHu2mJhtZT7g9KuNCttZt9Rt4oDJFdFhLCTweOc89uM1e6nqkPxJ1x5NTvLbRPJi23U/8A64jjKr/qP3rJJomOjByhLSAQMAZW9DnGasdItL6wiN55Mk9hHxI+cIme3Pf6VAI0uw1S4hJmezBKpK2N2Ox6Vax+KLrUdNg0dmhg02F94VI8GQ+rnuazun2DaosbnxffeI7KLS3fdY2zeZH5vLJ7A+nPSoN1YC1tidUhu7Zpl3WrhQFk9zntVxqZ0TUPwjaJYPa6qJAHsoxvhnHHKjsTjkd/3py417ULrxMlxrSo93bEBrSVRsC4/JjkDiuiPHtkqbejDRWMskwQRvPgbmEKliB3P0qTILe0ceQ3nqwyATyK0nibV4S09p4Yhe1srtd13brHudD3G4fyVn00e3/CCaKcx3CH5425DD1H09KttNWjJpS7Lbw94kGnzxyGwtXwcEvEC+PZj0NfQPwe+O9r4e1RdNv78yaVdPmJ5Qd1tIccAf6TgV843os9Tt44NGs5TJEu6eVuXY+uPSoukM+m6lbyysHiEis27uM8045K0ZyxqdH6WJ41kaNcuHjYZWReQR60y3ijeCxukX03cV8PXPxS8Q+FdZla21O4SxlO5FBJRvscittpPx81dNGt72eG3uZXlZcbSmVHQ8cdc9q358Thn6Xk9dH1RL4g3pj8XAM9945qJP4iSAYa5gP/AOIP718tXH+I6Wa5aJ9EjdunEx/+Gh1f43tp0Yj/AAlraXLLuClNxAPqQARWilfRzv0rTpn05J40tIiA9xFu7BXBzTD+MLRQXkk8lf8AVJ8o/WvjbUvjl4rnO6K9WCLoEhHy0cHiXWr7QbnVrrVCboMFRGwWcHrwaHKu2a/6SXhn2PH4ntr1T5E8UuO6SBv6Uh1aNRlnyfavhXQ/EFy17shaU3TEsrRHa2e/StLL8VPFGhzeSL66RR1SY7x+9JSbFP0qiuz7Kh1ZcZ3YFPJqyyN8sm4+lfJNr8atelg2jUBz1xGuaJvirrkkbJJqE21uCA+3P6VqlKjgbgnTPqLWPGumaBC0l9qENsB/KzZc+wUcmvnv4z/Hw6zaS6ZpKvaW3Ikmc/5kvsMflFed6x4pnmjYyyBx1HfBrBapKbuWSVpNmTna1VJqKsrHBZJaINxLNqE7OyuwH5mNIlsLmN9jqCoyVJ5NFDqawwshBcHsOlHa6N+MsZ9QSVB5BG6EnBI9RXk5JOb6PdxwUSsEcsXzIrmMHG/HANWf8ItptHa+F2ou4pMNbNj5l9RUqS+vfEkUGnxbI44xiOIfKuf71D0/Q5L67a0dkhkQne87BVTHrWfBo6r+yJc3MeooscdssCr128k1XThUxtQKVGMdzU6+shZ37W8F0kyg481D8v2qXALCxvQLwNdwH5WdDgj3FZ04rZLaKKOd5QFZmK/6avdJ1P8ACwsothOSMbGGRR2ejTapqbxaPH+KiX5hIy7Qq+rHoKHT9RfRNYM3yedE2DjlW9RTS5eRpof/AAUcNqk/mh55D/yAM7R7moqR+a0kLKA/UE1YweRf6nLdCIxWzNvEQOB7ge1SPFVjMkdvqsFj+FtZTtRQcjinGGzSXEyzQ+SSGwXoAz8qTxVpeJHdxLcRrtcD5x71WglnJLD0AoakYUm9EW5UbOBz7VEGQcNmrV92wqUGfaoLq3O0c/WplFvsOhoSlW4JFWMF1IECgZU+gqtYnd056VKgk2gENk+lOGvJNpuifFKgPGS3oRT4ckkjge1QFIU7lOWNKjnJ35Ga2510yODe0W0TAoSzYIoRIFDEHLeuKi29wgcAgsPQ1IMiqCApAPrVbDi0NjeTkqCM06Zkz8yDjihhZlk7ADtXT3H8ojHrmhKS2Co9xI3DcGyfSuCM3zHAAqOyOrD5s55p1JTs9vSvm6bPtFCkSGjQqGJAxXCQp1/LTKuqIOCRTm7cm4jJ7e1Skl2HFeRwyIwIX5RjkGgSQOGAbgdKbZtibv5sdqaj+dS7dx0FD/Q1H6Hg21+3FOFyz5XCgdRUZTv4HFOq4ZCMHI71DsdoWTLD5eT6CiQ4jycrTYfGDkg+1KhYA88UUyo78DyN8uf0pGZl696D8QWQ56ilhla4B3HArSmltEvQSyAMAeSe9GwBUjjJpoYyQM4FCkxJI9eKIuylLQ7uAXAz96AbieSceldvII3EnFFJLtUMBkdOaGOxSeCSCDUjTYYbmfbN+bYxRc/mYAkCo9uEllXcDjgUvihotC1DTWtFYM672LnPIPGK7fS4m3yOH1mVQhVdnaQ1zpzXWoQopv0Kqu5c4VjhiPsP3p95ox4q1GRCIkh82ZVXsQv9zTfhzUDc61LA4ysiEH2yRzSWbrP4n1ISDJa2uQSO5AwD+1e9FXo+YceTZQaQ/lpq2pAAmzsWZP8Apldgin9zWV0qSC2mS2TzUkl+V3Qbq1/hzZc2eqWm05v7F1BPRWUhlP2NUXhPUptD1uCZHO+ZDCSvHUUNbouMeD4HpHg7wVoq6HIbqy1HX79s4jhvFggHXGO+fXJrD2cdlpniGJdRtVtRDegyW8reZ5a7uV3fzADv3rhoq3N/g3lxFcuSfNHzc9eeRXanrGt+C72CaWaz1PIyrXMG5h+vT9aSV+QSeP8A9GPH8tvq9zeR6Y0X4RL1jGd35ge4HoKxHiPw5/BmVoZlvoyBmVBtwfTGa0Wq+Oj4gu5Z7iwhS7lADTR8dOmBVJrN2Zoc4ILDDZ70Sil0XFKWpGaOWUgjJoM7SA4+X1pOUdsHkU4XbGTWax2YyjTo0lsLaa0tykKgrgM5HNWGkz2174qje9H/AGKPJlMYJJAHGKx9lqckD7V5BPQ16J8L9Ms9Z1C9ivFkMcsQQeWcMpJzkH7UnBcS4y46aGrK1u5b028U8mkaRqkxjS6dceYmTtyODj1qJqOmf8H6r/mKktzaSfNbSDckhx8pwOvY4qJrcl3BrMulS3clzJb3LWqSyMSBhsAgdulaTw/rL+GL6+E8KajrSv5MV/cEuIVxjKqe/v2qnyjDRqlFvbIdj4lup5r69u3LX1wAokUbTEOQVA7DBx9qn+Jtd0TVPDFrCbPy/ENqAkV1apxMncSGsheXTNqMzbmkeUl3eTkljyT+9XXhDRzd+JrPTZJAv4tlVpQMlVPXGazSqLZc4JO0Y+O1F7cMbh9rg9GA4rQ2sukQ6TLDLBJfaxJ8kIDYjh9/c0PxasdK0rxS9ho9tLbx24KSyTyF2mfAO4+lD4M8L/8AE0ksYn/DLAm95ANzMPb0rJQf+TM210hvRNT1Lwfqb3cQWG8CGM+amWiB7jJ4OO9OXkN14hWS+htpXhDgTXZ+YB/+o9aPTJbrx3rdrpdxcbPLDoLgrl/LXnB9T6Z9avLfXT4A1+7g0pHl07aYZ7a6fcJzyNzdh1rRJ2ZN1VDGmeK5ND8PT6GixWvnkm4ulX/MmHZSfTtWMuIC03yK4i6gHPPvXotl4J0++8GX/ibUmmlLlo7O2hfaI25GWPU1Qy+I4n8Kfwu+t/Omt8CxuE4aLHVW9VrV21o1tLRWW0L+F47fVItRSK9k4S2iXJ299xz0PpUnSbjS9TvJbvU2YqSStnbqU3t657DNRtG0iIrHcXo823nJVRGcOp9agX9v+Bv2ijb5lO0N0yKz5OPZnSk6ZpR4yudLhFrLa2l5YqfltrqPzAB9c5pyXVtQ8RQJJbaettaAbU/DxMIk+/SkXw5DFotlqMjfiPPO14pAMA+xq71nxhq/h7V47LTro29nbxxlYFA2HjnIxzSlGVquy8aXSMoJPwV0DcNumBGQtWXxL09TeWuqwhm0+5hTa46KwHKmpnjzS49RsbLXLWNLU3ilpYRnCuDglfb2qi0bxffaLD+Gk2X1o4+e2uV3ow+h6U1y7TLko2Uek7r24/Cx5cNyEHJrQeHZooLu4t7jDlEZlVjjkdqk23ja2hWU6boVhpk5/wDTRJk49KzkzG6vPNyVkY5JHQmrkpLbIi+L0avR7Syu5ZrnQ7hrfU1Vs2lxjkeqH/as75l0JW3W0z3AfJXYTz7jrUjS7RLjUIikklvcK2RJH0yKtvGt5PomoR3UE8iSvGAxjO3J9aUJN6TB4lLZV6gk9peArCISRuaPpt+1cdVBjyWHFUcOszT35knZpXk6s7ZJ+9Q7+ZoJGUHIrrhkcY7OHJ6aOTZM1LXGaQAHIB6VqdKistRuYtTKDyIkyLdhkMw9fvXnVvC2o3aRBtruwUFugrXXEFx4RUWZnFww5JC4A+lc+TK5aNcWGONaQPiTxNeaonkyW1vDGpygiiCkD696pLe7XaSx2seMnpV7rksdzZWzbNsrDO4Vmp7UwTjLbs8nNc9pHTSWx6O7mt3V48xgNlJORz7Gp50691LzL7Y9wqHdLLtwn3NSLfXltNJlsJ4fOtZRlVGAUf1BqZ4bW98UNHo/42SCEIxRB+TjnBAppyW7E5Numil1xrKbZJaRiPcBuiXop9qY0iwj1WUwS3Udo38gl4Vz6Z7GluLBLSc5ZsKxVtvse1WDW9prtzZ2VlbC0LEKZZG3MxPcn/YUnBy8mbaS0VpnvNBea3ileNXO2WNDw31x1FPadaR61eRRzOLdScb+wqdo/h6W88QnSXmRXVmVpQueB6UOtafDY6ybOEvsQ7WZjyfep4uOmUiRoYiivFk1CM3VrBkeUrYDHtn2qzk8XyRaZc6JNHHcafcNuRCOYT22mqPRoJdR1aPSLZ1i/EPtDv0H1xWv0jwdZxy6pYXDNLe2qmVLleAQByCtaQTSsUpxXZgIpzZXflyrmNvXuKHUtPEL74sGM8jFXWoWtvqMDsqFHTkE/wBKh6dtu1No45PIb0raNTMm+JTRZC8Alj3pq4icLnIH0p6dTBMyZ4B6DpQ7iRwcD0pThQ+aZBf5cDH3okYAjbyadnRQBwdx7iml2qeAdw75rl+Np3ZpGpaJURQKS2c12SWBOcVHEm5STyR605b7nDEnI9KGm3aFy4smxRBnXace5p+Tc6lVPTuKjQy+oyKKWTbnBIB9KPy6TK+RSfQucZywB9AabmcgLz+tcrKw4BHPWkkYs+M1vC2tmXFN9H//2Q==', NULL, 'Hadir', '2025-05-25 18:40:59', '2025-05-25 18:40:59');

-- --------------------------------------------------------

--
-- Table structure for table `customer`
--

CREATE TABLE `customer` (
  `id_customer` int NOT NULL,
  `nama` varchar(255) DEFAULT NULL,
  `jenis_identitas` varchar(10) DEFAULT NULL,
  `no_identitas` varchar(20) DEFAULT NULL,
  `no_npwp` varchar(50) DEFAULT NULL,
  `alamat_ktp` varchar(255) DEFAULT NULL,
  `alamat_domisili` varchar(255) DEFAULT NULL,
  `email` varchar(255) DEFAULT NULL,
  `no_hp` varchar(16) DEFAULT NULL,
  `pekerjaan` varchar(100) CHARACTER SET utf8mb4 COLLATE utf8mb4_0900_ai_ci DEFAULT NULL,
  `created_at` timestamp NULL DEFAULT CURRENT_TIMESTAMP,
  `updated_at` timestamp NULL DEFAULT CURRENT_TIMESTAMP ON UPDATE CURRENT_TIMESTAMP
) ENGINE=InnoDB DEFAULT CHARSET=utf8mb4 COLLATE=utf8mb4_0900_ai_ci;

--
-- Dumping data for table `customer`
--

INSERT INTO `customer` (`id_customer`, `nama`, `jenis_identitas`, `no_identitas`, `no_npwp`, `alamat_ktp`, `alamat_domisili`, `email`, `no_hp`, `pekerjaan`, `created_at`, `updated_at`) VALUES
(1, 'Alpian', 'KTP', '93838383', NULL, 'Jl. A.Yani Km 30 No 56, Banjarbaru', 'Jl. A.Yani Km 30 No 56, Banjarbaru', 'alpian@gmail.com', '082', 'Sales', '2025-05-15 23:07:47', '2025-05-23 19:54:06'),
(52, 'Samiah Wastuti', 'KTP', '3278957004097582', '18.938.242.7-042.012', 'Jl. A.Yani Km 26 No 56, Banjarbaru', 'Jl. A.Yani Km 26 No 56, Banjarbaru', 'vicky09@gmail.co.id', '080451482769', 'Buruh Harian Lepas', '2025-05-23 18:59:42', '2025-05-23 18:59:42'),
(53, 'Ibun Prasasta', 'KTP', '6107272512960402', '25.881.644.4-194.356', 'Jl. A.Yani Km 13 No 79, Banjarmasin', 'Jl. A.Yani Km 13 No 79, Banjarmasin', 'anom16@gmail.com', '088440221763', 'Dokter', '2025-05-23 18:59:42', '2025-05-23 18:59:42'),
(54, 'Arsipatra Sakti Narpati S.Psi', 'KTP', '1371456011239568', '30.478.852.0-103.297', 'Jl. A.Yani Km 20 No 46, Banjarbaru', 'Jl. A.Yani Km 20 No 46, Banjarbaru', 'wirda12@putra.desa.id', '080193182470', 'Jaksa', '2025-05-23 18:59:42', '2025-05-23 18:59:42'),
(55, 'Queen Purnawati', 'KTP', '5321745703258954', '10.165.552.9-532.371', 'Jl. A.Yani Km 3 No 42, Banjarmasin', 'Jl. A.Yani Km 3 No 42, Banjarmasin', 'yance88@winarsih.tv', '086556219114', 'Tukang Listrik', '2025-05-23 18:59:42', '2025-05-23 18:59:42'),
(56, 'Aurora Agustina S.Sos', 'KTP', '5105084912176256', '07.034.327.9-253.902', 'Jl. A.Yani Km 25 No 79, Banjarmasin', 'Jl. A.Yani Km 25 No 79, Banjarmasin', 'mdabukke@puspita.biz.id', '086267566043', 'Jaksa', '2025-05-23 18:59:42', '2025-05-23 18:59:42'),
(57, 'Latika Wulandari', 'KTP', '6403120811026491', '21.219.085.9-224.836', 'Jl. A.Yani Km 6 No 90, Banjarmasin', 'Jl. A.Yani Km 6 No 90, Banjarmasin', 'mursita72@gmail.com', '080167999887', 'Programmer', '2025-05-23 18:59:42', '2025-05-23 18:59:42'),
(58, 'Hardi Budiman S.Pt', 'KTP', '3527140506191248', '04.087.000.8-384.642', 'Jl. A.Yani Km 16 No 4, Banjarmasin', 'Jl. A.Yani Km 16 No 4, Banjarmasin', 'rika64@yahoo.co.id', '089252797182', 'Montir', '2025-05-23 18:59:42', '2025-05-23 18:59:42'),
(59, 'Fitria Hasanah', 'KTP', '3674061803111809', '20.886.885.9-020.823', 'Jl. A.Yani Km 11 No 18, Banjarbaru', 'Jl. A.Yani Km 11 No 18, Banjarbaru', 'ltarihoran@waluyo.org', '081131844034', 'Karyawan Swasta', '2025-05-23 18:59:42', '2025-05-23 18:59:42'),
(60, 'Paulin Yulianti M.Kom.', 'KTP', '1103970904107843', '30.795.134.9-040.947', 'Jl. A.Yani Km 9 No 18, Banjarmasin', 'Jl. A.Yani Km 9 No 18, Banjarmasin', 'hkuswandari@puspita.web.id', '083527406409', 'Mekanik', '2025-05-23 18:59:42', '2025-05-23 18:59:42'),
(61, 'Rafid Nugroho', 'KTP', '1671330109205287', '28.010.573.2-494.720', 'Jl. A.Yani Km 21 No 98, Banjarmasin', 'Jl. A.Yani Km 21 No 98, Banjarmasin', 'ika.safitri@yahoo.com', '080769461632', 'Psikiater / Psikolog', '2025-05-23 18:59:42', '2025-05-23 18:59:42'),
(62, 'Artanto Sitorus', 'KTP', '3322635703055322', '14.685.417.9-653.744', 'Jl. A.Yani Km 33 No 71, Banjarbaru', 'Jl. A.Yani Km 33 No 71, Banjarbaru', 'hardiansyah.salsabila@gmail.co.id', '086088797127', 'Arsitek', '2025-05-23 18:59:42', '2025-05-23 18:59:42'),
(63, 'Maryanto Prakasa', 'KTP', '1808841508155913', '14.245.553.8-669.265', 'Jl. A.Yani Km 31 No 97, Banjarbaru', 'Jl. A.Yani Km 31 No 97, Banjarbaru', 'vicky18@gunawan.or.id', '089138660197', 'Nelayan / Perikanan', '2025-05-23 18:59:42', '2025-05-23 18:59:42'),
(64, 'Wasis Xanana Prasetyo', 'KTP', '3325631702045531', '01.670.708.1-322.174', 'Jl. A.Yani Km 5 No 56, Banjarmasin', 'Jl. A.Yani Km 5 No 56, Banjarmasin', 'saptono.eka@yahoo.co.id', '089553802246', 'Seniman', '2025-05-23 18:59:42', '2025-05-23 18:59:42'),
(65, 'Bakiman Megantara', 'KTP', '5308832507066317', '14.591.534.4-230.759', 'Jl. A.Yani Km 22 No 56, Banjarbaru', 'Jl. A.Yani Km 22 No 56, Banjarbaru', 'salwa40@gmail.co.id', '089839434096', 'Biarawati', '2025-05-23 18:59:42', '2025-05-23 18:59:42'),
(66, 'Timbul Simon Suryono S.H.', 'KTP', '3604911203063217', '27.828.755.5-161.667', 'Jl. A.Yani Km 13 No 57, Banjarmasin', 'Jl. A.Yani Km 13 No 57, Banjarmasin', 'msitorus@pertiwi.biz', '081042530687', 'Notaris', '2025-05-23 18:59:42', '2025-05-23 18:59:42'),
(67, 'Jail Saragih', 'KTP', '1208224305186566', '05.087.878.4-579.088', 'Jl. A.Yani Km 31 No 54, Banjarmasin', 'Jl. A.Yani Km 31 No 54, Banjarmasin', 'kamaria15@maulana.mil.id', '085204490883', 'Tukang Cukur', '2025-05-23 18:59:42', '2025-05-23 18:59:42'),
(68, 'Tari Laksmiwati', 'KTP', '7209673007249519', '07.994.294.1-972.269', 'Jl. A.Yani Km 8 No 99, Banjarmasin', 'Jl. A.Yani Km 8 No 99, Banjarmasin', 'ami.yulianti@mayasari.co', '080769801652', 'Tukang Las / Pandai Besi', '2025-05-23 18:59:42', '2025-05-23 18:59:42'),
(69, 'Jayadi Umaya Kurniawan S.Sos', 'KTP', '3403754309213210', '27.643.421.7-549.339', 'Jl. A.Yani Km 29 No 71, Banjarbaru', 'Jl. A.Yani Km 29 No 71, Banjarbaru', 'puspita.jaeman@yahoo.co.id', '081990206312', 'Tabib', '2025-05-23 18:59:42', '2025-05-23 18:59:42'),
(70, 'Padmi Safitri', 'KTP', '7601346611017951', '31.380.384.4-631.311', 'Jl. A.Yani Km 25 No 83, Banjarmasin', 'Jl. A.Yani Km 25 No 83, Banjarmasin', 'salwa39@yahoo.com', '082122841466', 'Biarawati', '2025-05-23 18:59:42', '2025-05-23 18:59:42'),
(71, 'Halim Siregar S.IP', 'KTP', '1109250710173853', '25.452.146.0-560.981', 'Jl. A.Yani Km 11 No 82, Banjarmasin', 'Jl. A.Yani Km 11 No 82, Banjarmasin', 'wastuti.hamima@gmail.co.id', '089024280158', 'Juru Masak', '2025-05-23 18:59:42', '2025-05-23 18:59:42'),
(72, 'Agus Prabowo', 'KTP', '7413372506217697', '18.221.748.3-745.865', 'Jl. A.Yani Km 7 No 67, Banjarmasin', 'Jl. A.Yani Km 7 No 67, Banjarmasin', 'vhabibi@yuniar.in', '087583709752', 'Wartawan', '2025-05-23 18:59:42', '2025-05-23 18:59:42'),
(73, 'Eman Iswahyudi', 'KTP', '9124626212007151', '25.654.127.4-116.911', 'Jl. A.Yani Km 21 No 42, Banjarmasin', 'Jl. A.Yani Km 21 No 42, Banjarmasin', 'farida.lintang@prakasa.org', '085193155521', 'Penambang', '2025-05-23 18:59:42', '2025-05-23 18:59:42'),
(74, 'Empluk Budiman S.H.', 'KTP', '8104421101130888', '08.000.021.6-362.568', 'Jl. A.Yani Km 24 No 60, Banjarmasin', 'Jl. A.Yani Km 24 No 60, Banjarmasin', 'rkusmawati@wahyudin.desa.id', '084084734850', 'Montir', '2025-05-23 18:59:42', '2025-05-23 18:59:42'),
(75, 'Darimin Sihotang', 'KTP', '6107791101214569', '33.358.013.4-925.600', 'Jl. A.Yani Km 17 No 66, Banjarmasin', 'Jl. A.Yani Km 17 No 66, Banjarmasin', 'gading.kuswandari@yahoo.com', '083637640346', 'Konsultan', '2025-05-23 19:00:36', '2025-05-23 19:00:36'),
(76, 'Kamidin Habibi', 'KTP', '6210131508084145', '17.343.769.8-155.893', 'Jl. A.Yani Km 30 No 37, Banjarbaru', 'Jl. A.Yani Km 30 No 37, Banjarbaru', 'nasyidah.bambang@marbun.org', '084228472150', 'Penata Rambut', '2025-05-23 19:00:36', '2025-05-23 19:00:36'),
(77, 'Puspa Safina Utami M.Ak', 'KTP', '8208250402176149', '14.257.234.7-263.554', 'Jl. A.Yani Km 28 No 27, Banjarbaru', 'Jl. A.Yani Km 28 No 27, Banjarbaru', 'asmuni.riyanti@yahoo.com', '086225680253', 'Penerjemah', '2025-05-23 19:00:36', '2025-05-23 19:00:36'),
(78, 'Prayogo Firmansyah', 'KTP', '3518661907052949', '12.784.298.1-199.208', 'Jl. A.Yani Km 27 No 84, Banjarbaru', 'Jl. A.Yani Km 27 No 84, Banjarbaru', 'uwais.cemeti@yahoo.com', '086060018576', 'Montir', '2025-05-23 19:00:36', '2025-05-23 19:00:36'),
(79, 'Kartika Halimah', 'KTP', '1506040701031368', '09.059.166.1-008.107', 'Jl. A.Yani Km 19 No 70, Banjarbaru', 'Jl. A.Yani Km 19 No 70, Banjarbaru', 'natsir.mulya@yahoo.co.id', '087719888461', 'Arsitek', '2025-05-23 19:00:36', '2025-05-23 19:00:36'),
(80, 'Vanesa Novitasari', 'KTP', '5108940112241120', '32.911.690.1-503.617', 'Jl. A.Yani Km 14 No 92, Banjarmasin', 'Jl. A.Yani Km 14 No 92, Banjarmasin', 'manullang.tami@hardiansyah.my.id', '086267815703', 'Kondektur', '2025-05-23 19:00:36', '2025-05-23 19:00:36'),
(81, 'Latika Jane Zulaika', 'KTP', '6171197110025769', '32.302.425.0-871.054', 'Jl. A.Yani Km 5 No 53, Banjarbaru', 'Jl. A.Yani Km 5 No 53, Banjarbaru', 'ahariyah@wahyuni.id', '082304756970', 'Perawat', '2025-05-23 19:00:36', '2025-05-23 19:00:36'),
(82, 'Kasiyah Handayani', 'KTP', '1507185606033021', '28.175.825.9-918.034', 'Jl. A.Yani Km 3 No 59, Banjarbaru', 'Jl. A.Yani Km 3 No 59, Banjarbaru', 'betania54@yolanda.tv', '083607137578', 'Guru', '2025-05-23 19:00:36', '2025-05-23 19:00:36'),
(83, 'Bancar Jayadi Hutagalung', 'KTP', '3271391407073083', '10.279.493.2-330.771', 'Jl. A.Yani Km 12 No 84, Banjarmasin', 'Jl. A.Yani Km 12 No 84, Banjarmasin', 'devi.sirait@hassanah.biz', '082537647135', 'Tukang Gigi', '2025-05-23 19:00:36', '2025-05-23 19:00:36'),
(84, 'Lili Laksita S.Kom', 'KTP', '3213871905001863', '31.124.149.0-569.170', 'Jl. A.Yani Km 21 No 21, Banjarbaru', 'Jl. A.Yani Km 21 No 21, Banjarbaru', 'fnamaga@gmail.com', '080948976039', 'Konstruksi', '2025-05-23 19:00:36', '2025-05-23 19:00:36'),
(85, 'Abyasa Winarno', 'KTP', '1572555711168807', '04.582.936.5-906.867', 'Jl. A.Yani Km 14 No 18, Banjarmasin', 'Jl. A.Yani Km 14 No 18, Banjarmasin', 'janet.handayani@laksita.co.id', '084347595804', 'Satpam', '2025-05-23 19:00:36', '2025-05-23 19:00:36'),
(86, 'Hesti Dian Suartini M.TI.', 'KTP', '5315946210041760', '24.343.763.3-029.124', 'Jl. A.Yani Km 10 No 80, Banjarbaru', 'Jl. A.Yani Km 10 No 80, Banjarbaru', 'qpranowo@yahoo.co.id', '083742291872', 'Konstruksi', '2025-05-23 19:00:36', '2025-05-23 19:00:36'),
(87, 'Harjo Kala Najmudin', 'KTP', '1402300806185902', '14.280.619.6-720.777', 'Jl. A.Yani Km 32 No 59, Banjarbaru', 'Jl. A.Yani Km 32 No 59, Banjarbaru', 'mandala.calista@saputra.mil.id', '085297080949', 'Penata Rias', '2025-05-23 19:00:36', '2025-05-23 19:00:36'),
(88, 'Ajeng Nasyidah', 'KTP', '3371221711005729', '13.775.770.6-068.857', 'Jl. A.Yani Km 33 No 99, Banjarbaru', 'Jl. A.Yani Km 33 No 99, Banjarbaru', 'safitri.ibrahim@kusmawati.in', '084941881794', 'Montir', '2025-05-23 19:00:36', '2025-05-23 19:00:36'),
(89, 'Hartaka Suryono', 'KTP', '1809905707206793', '28.662.237.6-868.356', 'Jl. A.Yani Km 17 No 72, Banjarmasin', 'Jl. A.Yani Km 17 No 72, Banjarmasin', 'ulya81@lailasari.ac.id', '087987660602', 'Kondektur', '2025-05-23 19:00:37', '2025-05-23 19:00:37'),
(90, 'Gambira Pradana S.Pd', 'KTP', '1607714404150427', '03.460.937.5-248.652', 'Jl. A.Yani Km 10 No 90, Banjarbaru', 'Jl. A.Yani Km 10 No 90, Banjarbaru', 'aditya.hutagalung@yahoo.co.id', '085927715327', 'Penata Rias', '2025-05-23 19:00:37', '2025-05-23 19:00:37'),
(91, 'Ina Purwanti', 'KTP', '3308326510171275', '08.952.763.1-574.756', 'Jl. A.Yani Km 10 No 15, Banjarmasin', 'Jl. A.Yani Km 10 No 15, Banjarmasin', 'heru.lailasari@halimah.id', '084412587818', 'Nelayan / Perikanan', '2025-05-23 19:00:37', '2025-05-23 19:00:37'),
(92, 'Bambang Lazuardi', 'KTP', '8107346408214552', '04.150.587.6-341.137', 'Jl. A.Yani Km 19 No 58, Banjarbaru', 'Jl. A.Yani Km 19 No 58, Banjarbaru', 'endah.nainggolan@yulianti.my.id', '084111307535', 'Montir', '2025-05-23 19:00:37', '2025-05-23 19:00:37'),
(93, 'Galuh Kuswoyo S.E.I', 'KTP', '6105756302207594', '21.560.842.3-811.621', 'Jl. A.Yani Km 32 No 36, Banjarbaru', 'Jl. A.Yani Km 32 No 36, Banjarbaru', 'waluyo.rahayu@wijaya.name', '085611207572', 'Tukang Kayu', '2025-05-23 19:00:37', '2025-05-23 19:00:37'),
(94, 'Putri Aryani M.Pd', 'KTP', '9101792405216052', '30.524.748.8-252.456', 'Jl. A.Yani Km 20 No 46, Banjarmasin', 'Jl. A.Yani Km 20 No 46, Banjarmasin', 'ega.sihotang@fujiati.com', '086975009991', 'Pembantu Rumah Tangga', '2025-05-23 19:00:37', '2025-05-23 19:00:37'),
(95, 'Luis Mandala', 'KTP', '3517442205996168', '30.242.434.0-256.565', 'Jl. A.Yani Km 22 No 86, Banjarbaru', 'Jl. A.Yani Km 22 No 86, Banjarbaru', 'wjailani@gmail.com', '081359374875', 'Kepolisian RI (POLRI)', '2025-05-23 19:00:37', '2025-05-23 19:00:37'),
(96, 'Cakrabirawa Utama', 'KTP', '7204796001017795', '17.536.202.5-745.684', 'Jl. A.Yani Km 8 No 14, Banjarmasin', 'Jl. A.Yani Km 8 No 14, Banjarmasin', 'kamaria95@farida.name', '081463902014', 'Buruh Harian Lepas', '2025-05-23 19:00:37', '2025-05-23 19:00:37'),
(97, 'Hamima Andriani S.E.', 'KTP', '5201771105235652', '05.732.393.9-849.773', 'Jl. A.Yani Km 15 No 40, Banjarbaru', 'Jl. A.Yani Km 15 No 40, Banjarbaru', 'jelita.haryanto@gmail.co.id', '082284575448', 'Promotor Acara', '2025-05-23 19:00:37', '2025-05-23 19:00:37'),
(98, 'Nasab Marpaung', 'KTP', '7110677103194845', '21.263.722.8-973.331', 'Jl. A.Yani Km 22 No 45, Banjarmasin', 'Jl. A.Yani Km 22 No 45, Banjarmasin', 'usamah.padmi@rahayu.com', '089153624565', 'Presiden', '2025-05-23 19:00:37', '2025-05-23 19:00:37'),
(99, 'Nova Riyanti M.Kom.', 'KTP', '5313330610028461', '27.231.414.5-568.261', 'Jl. A.Yani Km 6 No 25, Banjarmasin', 'Jl. A.Yani Km 6 No 25, Banjarmasin', 'rahayu02@widiastuti.com', '086553039147', 'Pendeta', '2025-05-23 19:00:37', '2025-05-23 19:00:37'),
(100, 'Azalea Wastuti', 'KTP', '7371604502972723', '15.906.888.2-423.081', 'Jl. A.Yani Km 26 No 36, Banjarmasin', 'Jl. A.Yani Km 26 No 36, Banjarmasin', 'wahyudin.cinta@samosir.mil.id', '089803339444', 'Sopir', '2025-05-23 19:00:37', '2025-05-23 19:00:37'),
(101, 'Cahyanto Rajasa', 'KTP', '5319336609109721', '27.522.947.4-150.214', 'Jl. A.Yani Km 13 No 95, Banjarbaru', 'Jl. A.Yani Km 13 No 95, Banjarbaru', 'smandala@nurdiyanti.in', '080070438859', 'Perdagangan', '2025-05-23 19:00:37', '2025-05-23 19:00:37'),
(102, 'Candra Sirait', 'KTP', '3175546209956390', '31.505.895.8-653.559', 'Jl. A.Yani Km 18 No 57, Banjarbaru', 'Jl. A.Yani Km 18 No 57, Banjarbaru', 'prasetya77@gmail.com', '084916709003', 'Buruh Nelayan / Perikanan', '2025-05-23 19:00:37', '2025-05-23 19:00:37');

-- --------------------------------------------------------

--
-- Table structure for table `failed_jobs`
--

CREATE TABLE `failed_jobs` (
  `id` bigint UNSIGNED NOT NULL,
  `uuid` varchar(255) COLLATE utf8mb4_unicode_ci NOT NULL,
  `connection` text COLLATE utf8mb4_unicode_ci NOT NULL,
  `queue` text COLLATE utf8mb4_unicode_ci NOT NULL,
  `payload` longtext COLLATE utf8mb4_unicode_ci NOT NULL,
  `exception` longtext COLLATE utf8mb4_unicode_ci NOT NULL,
  `failed_at` timestamp NOT NULL DEFAULT CURRENT_TIMESTAMP
) ENGINE=InnoDB DEFAULT CHARSET=utf8mb4 COLLATE=utf8mb4_unicode_ci;

-- --------------------------------------------------------

--
-- Table structure for table `harikerja`
--

CREATE TABLE `harikerja` (
  `id` bigint UNSIGNED NOT NULL,
  `tahun` year NOT NULL,
  `bulan` int NOT NULL,
  `jumlah_kerja` int NOT NULL,
  `created_at` timestamp NULL DEFAULT NULL,
  `updated_at` timestamp NULL DEFAULT NULL
) ENGINE=InnoDB DEFAULT CHARSET=utf8mb4 COLLATE=utf8mb4_unicode_ci;

--
-- Dumping data for table `harikerja`
--

INSERT INTO `harikerja` (`id`, `tahun`, `bulan`, `jumlah_kerja`, `created_at`, `updated_at`) VALUES
(1, '2025', 5, 22, '2025-05-23 18:04:02', '2025-05-23 18:04:02'),
(2, '2025', 6, 22, '2025-05-23 18:04:33', '2025-05-23 18:04:33'),
(3, '2025', 4, 22, '2025-05-23 18:04:38', '2025-05-23 18:04:38'),
(4, '2025', 3, 22, '2025-05-23 18:04:42', '2025-05-23 18:04:42'),
(5, '2025', 1, 22, '2025-05-23 18:04:51', '2025-05-23 18:04:51'),
(6, '2025', 2, 22, '2025-05-23 18:04:54', '2025-05-23 18:04:54'),
(7, '2025', 7, 22, '2025-05-23 18:05:05', '2025-05-23 18:05:05'),
(8, '2025', 8, 22, '2025-05-23 18:05:10', '2025-05-23 18:05:10'),
(9, '2025', 9, 22, '2025-05-23 18:05:19', '2025-05-23 18:05:19');

-- --------------------------------------------------------

--
-- Table structure for table `migrations`
--

CREATE TABLE `migrations` (
  `id` int UNSIGNED NOT NULL,
  `migration` varchar(255) COLLATE utf8mb4_unicode_ci NOT NULL,
  `batch` int NOT NULL
) ENGINE=InnoDB DEFAULT CHARSET=utf8mb4 COLLATE=utf8mb4_unicode_ci;

--
-- Dumping data for table `migrations`
--

INSERT INTO `migrations` (`id`, `migration`, `batch`) VALUES
(1, '2014_10_12_000000_create_users_table', 1),
(2, '2014_10_12_100000_create_password_resets_table', 1),
(3, '2014_10_12_200000_add_two_factor_columns_to_users_table', 1),
(4, '2019_08_19_000000_create_failed_jobs_table', 1),
(5, '2019_12_14_000001_create_personal_access_tokens_table', 1),
(6, '2022_03_23_163443_create_sessions_table', 1),
(7, '2014_10_12_100000_create_password_reset_tokens_table', 2),
(8, '2025_05_24_015221_create_harikerja_table', 2);

-- --------------------------------------------------------

--
-- Table structure for table `mobil`
--

CREATE TABLE `mobil` (
  `id_mobil` int NOT NULL,
  `id_tipe` int DEFAULT NULL,
  `sub_tipe` varchar(255) DEFAULT NULL,
  `tahun` year DEFAULT NULL,
  `warna` longtext CHARACTER SET utf8mb4 COLLATE utf8mb4_0900_ai_ci,
  `jenis_transmisi` varchar(255) DEFAULT NULL,
  `kapasitas_mesin` int DEFAULT NULL,
  `tempat_duduk` int DEFAULT NULL,
  `harga` int DEFAULT NULL,
  `created_at` timestamp NULL DEFAULT CURRENT_TIMESTAMP,
  `updated_at` timestamp NULL DEFAULT CURRENT_TIMESTAMP ON UPDATE CURRENT_TIMESTAMP
) ENGINE=InnoDB DEFAULT CHARSET=utf8mb4 COLLATE=utf8mb4_0900_ai_ci;

--
-- Dumping data for table `mobil`
--

INSERT INTO `mobil` (`id_mobil`, `id_tipe`, `sub_tipe`, `tahun`, `warna`, `jenis_transmisi`, `kapasitas_mesin`, `tempat_duduk`, `harga`, `created_at`, `updated_at`) VALUES
(1, 1, 'Xpander', '2020', 'Putih,Hitam', 'Manual', 1500, 8, 300000000, '2025-05-15 22:18:10', '2025-05-23 19:48:08'),
(2, 13, 'Pajero Sport', '2024', 'Putih,Hitam', 'Manual', 2442, 8, 700000000, '2025-05-23 19:42:52', '2025-05-23 19:47:54'),
(3, 14, 'L300', '2000', 'Putih,Hitam,Biru,Hijau', 'Manual', 2477, 2, 246000000, '2025-05-23 19:44:46', '2025-05-23 19:45:36'),
(4, 14, 'Triton Dakar 4x2 MT', '2000', 'Putih,Hitam', 'Manual', 2442, 4, 476000000, '2025-05-23 19:47:19', '2025-05-23 19:47:31'),
(5, 14, 'Triton Dakar 4x4 MT', '2020', 'Putih,Hitam', 'Manual', 2442, 4, 550000000, '2025-05-23 19:48:44', '2025-05-23 19:48:44'),
(6, 1, 'Xpander Cross AT', '2024', 'Putih,Hitam', 'Otomatis', 1500, 8, 350000000, '2025-05-23 19:50:20', '2025-05-23 19:50:20'),
(7, 15, 'FUSO Canter', '2024', 'Kuning', 'Manual', 3900, 2, 500000000, '2025-05-23 19:52:52', '2025-05-23 19:53:09');

-- --------------------------------------------------------

--
-- Table structure for table `password_resets`
--

CREATE TABLE `password_resets` (
  `email` varchar(255) COLLATE utf8mb4_unicode_ci NOT NULL,
  `token` varchar(255) COLLATE utf8mb4_unicode_ci NOT NULL,
  `created_at` timestamp NULL DEFAULT NULL
) ENGINE=InnoDB DEFAULT CHARSET=utf8mb4 COLLATE=utf8mb4_unicode_ci;

-- --------------------------------------------------------

--
-- Table structure for table `password_reset_tokens`
--

CREATE TABLE `password_reset_tokens` (
  `email` varchar(255) COLLATE utf8mb4_unicode_ci NOT NULL,
  `token` varchar(255) COLLATE utf8mb4_unicode_ci NOT NULL,
  `created_at` timestamp NULL DEFAULT NULL
) ENGINE=InnoDB DEFAULT CHARSET=utf8mb4 COLLATE=utf8mb4_unicode_ci;

-- --------------------------------------------------------

--
-- Table structure for table `pembayaran`
--

CREATE TABLE `pembayaran` (
  `id_pembayaran` int NOT NULL,
  `id_pesanan` int DEFAULT NULL,
  `metode_bayar` varchar(255) DEFAULT NULL,
  `jumlah_bayar` int DEFAULT NULL,
  `keterangan_bayar` varchar(255) DEFAULT NULL,
  `bukti_bayar` text,
  `created_at` timestamp NULL DEFAULT CURRENT_TIMESTAMP,
  `updated_at` timestamp NULL DEFAULT CURRENT_TIMESTAMP ON UPDATE CURRENT_TIMESTAMP
) ENGINE=InnoDB DEFAULT CHARSET=utf8mb4 COLLATE=utf8mb4_0900_ai_ci;

-- --------------------------------------------------------

--
-- Table structure for table `pencapaian`
--

CREATE TABLE `pencapaian` (
  `id_pencapaian` int NOT NULL,
  `id_sales` int DEFAULT NULL,
  `bulan` varchar(2) DEFAULT NULL,
  `tahun` varchar(4) DEFAULT NULL,
  `target_penjualan` int DEFAULT NULL,
  `penjualan` int DEFAULT NULL,
  `kehadiran` double NOT NULL,
  `hasil_penjualan` double NOT NULL,
  `hasil_kehadiran` double NOT NULL,
  `hasil_pencapaian` double NOT NULL,
  `rangking` int NOT NULL DEFAULT '0',
  `created_at` timestamp NULL DEFAULT CURRENT_TIMESTAMP,
  `updated_at` timestamp NULL DEFAULT CURRENT_TIMESTAMP ON UPDATE CURRENT_TIMESTAMP
) ENGINE=InnoDB DEFAULT CHARSET=utf8mb4 COLLATE=utf8mb4_0900_ai_ci;

-- --------------------------------------------------------

--
-- Table structure for table `personal_access_tokens`
--

CREATE TABLE `personal_access_tokens` (
  `id` bigint UNSIGNED NOT NULL,
  `tokenable_type` varchar(255) COLLATE utf8mb4_unicode_ci NOT NULL,
  `tokenable_id` bigint UNSIGNED NOT NULL,
  `name` varchar(255) COLLATE utf8mb4_unicode_ci NOT NULL,
  `token` varchar(64) COLLATE utf8mb4_unicode_ci NOT NULL,
  `abilities` text COLLATE utf8mb4_unicode_ci,
  `last_used_at` timestamp NULL DEFAULT NULL,
  `created_at` timestamp NULL DEFAULT NULL,
  `updated_at` timestamp NULL DEFAULT NULL
) ENGINE=InnoDB DEFAULT CHARSET=utf8mb4 COLLATE=utf8mb4_unicode_ci;

-- --------------------------------------------------------

--
-- Table structure for table `pesanan_kendaraan`
--

CREATE TABLE `pesanan_kendaraan` (
  `id_pesanan` int NOT NULL,
  `no_spk` varchar(100) DEFAULT NULL,
  `id_customer` int DEFAULT NULL,
  `id_mobil` int DEFAULT NULL,
  `warna` varchar(50) DEFAULT NULL,
  `tipe_plat` varchar(100) DEFAULT NULL,
  `stnk_nama` varchar(255) DEFAULT NULL,
  `stnk_alamat` varchar(255) DEFAULT NULL,
  `harga` int DEFAULT NULL,
  `tanggal_pesanan` date DEFAULT NULL,
  `jumlah_unit` int DEFAULT NULL,
  `diskon` int DEFAULT NULL,
  `total` int DEFAULT NULL,
  `status_pesanan` varchar(255) DEFAULT NULL,
  `status_pembayaran` varchar(255) DEFAULT NULL,
  `id_sales` int DEFAULT NULL,
  `created_at` timestamp NULL DEFAULT CURRENT_TIMESTAMP,
  `updated_at` timestamp NULL DEFAULT CURRENT_TIMESTAMP ON UPDATE CURRENT_TIMESTAMP
) ENGINE=InnoDB DEFAULT CHARSET=utf8mb4 COLLATE=utf8mb4_0900_ai_ci;

--
-- Dumping data for table `pesanan_kendaraan`
--

INSERT INTO `pesanan_kendaraan` (`id_pesanan`, `no_spk`, `id_customer`, `id_mobil`, `warna`, `tipe_plat`, `stnk_nama`, `stnk_alamat`, `harga`, `tanggal_pesanan`, `jumlah_unit`, `diskon`, `total`, `status_pesanan`, `status_pembayaran`, `id_sales`, `created_at`, `updated_at`) VALUES
(3, '2025042403591', 1, 1, 'Putih', 'Putih', NULL, 'Jl. A.Yani Km 30 No 56, Banjarbaru', 300000000, '2025-04-10', 1, 0, 300000000, 'Draft', 'Belum Bayar', 1, '2025-05-23 20:00:25', '2025-05-24 04:00:52'),
(4, '2025052404001', 54, 3, 'Putih', 'Putih', NULL, 'Jl. A.Yani Km 20 No 46, Banjarbaru', 246000000, '2025-04-08', 1, 0, 246000000, 'Draft', 'Belum Bayar', 1, '2025-05-23 20:01:18', '2025-05-23 20:01:18'),
(5, '2025052404011', 52, 1, 'Hitam', 'Putih', NULL, 'Jl. A.Yani Km 26 No 56, Banjarbaru', 300000000, '2025-04-30', 1, 0, 300000000, 'Draft', 'Belum Bayar', 1, '2025-05-23 20:01:46', '2025-05-23 20:01:46'),
(6, '2025052404021', 69, 1, 'Putih', 'Putih', NULL, 'Jl. A.Yani Km 29 No 71, Banjarbaru', 300000000, '2025-04-09', 1, 0, 300000000, 'Draft', 'Belum Bayar', 2, '2025-05-23 20:02:24', '2025-05-23 20:02:24'),
(7, '2025052404021', 90, 1, 'Hitam', 'Putih', NULL, 'Jl. A.Yani Km 10 No 90, Banjarbaru', 300000000, '2025-04-19', 1, 0, 300000000, 'Draft', 'Belum Bayar', 2, '2025-05-23 20:02:45', '2025-05-23 20:02:45'),
(8, '2025052404031', 84, 2, 'Putih', 'Putih', NULL, 'Jl. A.Yani Km 21 No 21, Banjarbaru', 700000000, '2025-04-12', 1, 0, 700000000, 'Draft', 'Belum Bayar', 3, '2025-05-23 20:03:36', '2025-05-23 20:03:36'),
(10, '2025052404041', 93, 2, 'Putih', 'Putih', NULL, 'Jl. A.Yani Km 32 No 36, Banjarbaru', 700000000, '2025-04-16', 1, 0, 700000000, 'Draft', 'Belum Bayar', 5, '2025-05-23 20:04:50', '2025-05-23 20:04:50');

-- --------------------------------------------------------

--
-- Table structure for table `sales`
--

CREATE TABLE `sales` (
  `id_sales` int NOT NULL,
  `id_user` int DEFAULT NULL,
  `nama` varchar(255) DEFAULT NULL,
  `no_telp` varchar(16) DEFAULT NULL,
  `email` varchar(255) DEFAULT NULL,
  `area_sales` varchar(255) DEFAULT NULL,
  `target` int NOT NULL DEFAULT '0',
  `created_at` timestamp NULL DEFAULT CURRENT_TIMESTAMP,
  `updated_at` timestamp NULL DEFAULT CURRENT_TIMESTAMP ON UPDATE CURRENT_TIMESTAMP
) ENGINE=InnoDB DEFAULT CHARSET=utf8mb4 COLLATE=utf8mb4_0900_ai_ci;

--
-- Dumping data for table `sales`
--

INSERT INTO `sales` (`id_sales`, `id_user`, `nama`, `no_telp`, `email`, `area_sales`, `target`, `created_at`, `updated_at`) VALUES
(1, 2, 'Alif', '082211111', 'arif@gmail.com', 'Banjarbaru Sekitar', 2, '2025-05-15 22:39:43', '2025-05-24 04:11:08'),
(2, 3, 'Bayu', '087840301772', 'bayu@gmail.com', 'Banjarbaru Sekitar', 2, '2025-05-23 19:03:36', '2025-05-23 19:03:36'),
(3, 4, 'Budi', '082240100302', 'budi@gmail.com', 'Banjarbaru Sekitar', 1, '2025-05-23 19:04:44', '2025-05-23 19:04:44'),
(4, 5, 'Rizki', '082248555222', 'rizki@gmail.com', 'Banjarbaru Sekitar', 1, '2025-05-23 19:05:21', '2025-05-23 19:05:21'),
(5, 6, 'Andini', '087848200500', 'andini@gmail.com', 'Banjarbaru Sekitar', 1, '2025-05-23 19:05:46', '2025-05-23 19:05:46');

-- --------------------------------------------------------

--
-- Table structure for table `sessions`
--

CREATE TABLE `sessions` (
  `id` varchar(255) COLLATE utf8mb4_unicode_ci NOT NULL,
  `user_id` bigint UNSIGNED DEFAULT NULL,
  `ip_address` varchar(45) COLLATE utf8mb4_unicode_ci DEFAULT NULL,
  `user_agent` text COLLATE utf8mb4_unicode_ci,
  `payload` text COLLATE utf8mb4_unicode_ci NOT NULL,
  `last_activity` int NOT NULL
) ENGINE=InnoDB DEFAULT CHARSET=utf8mb4 COLLATE=utf8mb4_unicode_ci;

-- --------------------------------------------------------

--
-- Table structure for table `stok`
--

CREATE TABLE `stok` (
  `id_stok` int NOT NULL,
  `id_mobil` int DEFAULT NULL,
  `jumlah` int DEFAULT NULL,
  `created_at` timestamp NULL DEFAULT CURRENT_TIMESTAMP,
  `updated_at` timestamp NULL DEFAULT CURRENT_TIMESTAMP ON UPDATE CURRENT_TIMESTAMP
) ENGINE=InnoDB DEFAULT CHARSET=utf8mb4 COLLATE=utf8mb4_0900_ai_ci;

-- --------------------------------------------------------

--
-- Table structure for table `tipe`
--

CREATE TABLE `tipe` (
  `id_tipe` int NOT NULL,
  `tipe` varchar(255) DEFAULT NULL,
  `created_at` timestamp NULL DEFAULT CURRENT_TIMESTAMP,
  `updated_at` timestamp NULL DEFAULT CURRENT_TIMESTAMP ON UPDATE CURRENT_TIMESTAMP
) ENGINE=InnoDB DEFAULT CHARSET=utf8mb4 COLLATE=utf8mb4_0900_ai_ci;

--
-- Dumping data for table `tipe`
--

INSERT INTO `tipe` (`id_tipe`, `tipe`, `created_at`, `updated_at`) VALUES
(1, 'MPV', '2025-05-15 21:23:28', '2025-05-23 19:20:28'),
(13, 'SUV', '2025-05-23 19:20:35', '2025-05-23 19:20:35'),
(14, 'Pickup', '2025-05-23 19:20:44', '2025-05-23 19:20:44'),
(15, 'Mobil Niaga:', '2025-05-23 19:20:54', '2025-05-23 19:20:54');

-- --------------------------------------------------------

--
-- Table structure for table `users`
--

CREATE TABLE `users` (
  `id` bigint UNSIGNED NOT NULL,
  `name` varchar(255) COLLATE utf8mb4_unicode_ci NOT NULL,
  `email` varchar(255) COLLATE utf8mb4_unicode_ci NOT NULL,
  `no_telp` varchar(16) COLLATE utf8mb4_unicode_ci DEFAULT NULL,
  `email_verified_at` timestamp NULL DEFAULT NULL,
  `password` varchar(255) COLLATE utf8mb4_unicode_ci NOT NULL,
  `remember_token` varchar(100) COLLATE utf8mb4_unicode_ci DEFAULT NULL,
  `role` int NOT NULL DEFAULT '2',
  `created_at` timestamp NULL DEFAULT NULL,
  `updated_at` timestamp NULL DEFAULT NULL
) ENGINE=InnoDB DEFAULT CHARSET=utf8mb4 COLLATE=utf8mb4_unicode_ci;

--
-- Dumping data for table `users`
--

INSERT INTO `users` (`id`, `name`, `email`, `no_telp`, `email_verified_at`, `password`, `remember_token`, `role`, `created_at`, `updated_at`) VALUES
(1, 'Test User', 'admin@gmail.com', NULL, '2025-05-15 20:15:46', '$2y$12$3EDFhQ6Rqaff5mkQNajVqePWBDfCXCHdccau7ndXuisUHyQG/Y3RS', 'rzYEPogVsH', 1, '2025-05-15 20:15:46', '2025-05-15 20:15:46'),
(2, 'Alif', 'alif@gmail.com', NULL, NULL, '$2y$12$wqefI8uXnsfN7FLbYzXV9.j3f9FyAY1ELcS6J.Wf921qKY0gGR2Y.', NULL, 2, '2025-05-15 22:39:43', '2025-05-15 22:39:43'),
(3, 'Bayu', 'bayu@gmail.com', NULL, NULL, '$2y$12$cVNhDxhOBeteJJs8kziKyeHRhzDdl120UXVh/43uY0eTlB.xmS6Oy', NULL, 2, '2025-05-23 19:03:36', '2025-05-23 19:03:36'),
(4, 'Budi', 'budi@gmail.com', NULL, NULL, '$2y$12$AQzjoAHsUsdIdZ0IyKue0u5jAQDIJm7WnBqiy.Xe7rRQVB74eMWVa', NULL, 2, '2025-05-23 19:04:44', '2025-05-23 19:04:44'),
(5, 'Rizki', 'rizki@gmail.com', NULL, NULL, '$2y$12$z9X7PE6699L8h8/e2DLkfuBxynzySbm7/9qPpUYi9lzoJSkofhLHm', NULL, 2, '2025-05-23 19:05:21', '2025-05-23 19:05:21'),
(6, 'Andini', 'andini@gmail.com', NULL, NULL, '$2y$12$6Jx3fVgYqL/9NFBH1IaUkelgrbK.LuM.d2TfXUvrG4l.t5H1LnCnu', NULL, 2, '2025-05-23 19:05:46', '2025-05-23 19:05:46');

--
-- Indexes for dumped tables
--

--
-- Indexes for table `absensi`
--
ALTER TABLE `absensi`
  ADD PRIMARY KEY (`id_absensi`),
  ADD KEY `id_sales` (`id_sales`);

--
-- Indexes for table `customer`
--
ALTER TABLE `customer`
  ADD PRIMARY KEY (`id_customer`);

--
-- Indexes for table `failed_jobs`
--
ALTER TABLE `failed_jobs`
  ADD PRIMARY KEY (`id`),
  ADD UNIQUE KEY `failed_jobs_uuid_unique` (`uuid`);

--
-- Indexes for table `harikerja`
--
ALTER TABLE `harikerja`
  ADD PRIMARY KEY (`id`);

--
-- Indexes for table `migrations`
--
ALTER TABLE `migrations`
  ADD PRIMARY KEY (`id`);

--
-- Indexes for table `mobil`
--
ALTER TABLE `mobil`
  ADD PRIMARY KEY (`id_mobil`),
  ADD KEY `id_tipe` (`id_tipe`);

--
-- Indexes for table `password_resets`
--
ALTER TABLE `password_resets`
  ADD KEY `password_resets_email_index` (`email`);

--
-- Indexes for table `password_reset_tokens`
--
ALTER TABLE `password_reset_tokens`
  ADD PRIMARY KEY (`email`);

--
-- Indexes for table `pembayaran`
--
ALTER TABLE `pembayaran`
  ADD PRIMARY KEY (`id_pembayaran`),
  ADD KEY `id_pesanan` (`id_pesanan`);

--
-- Indexes for table `pencapaian`
--
ALTER TABLE `pencapaian`
  ADD PRIMARY KEY (`id_pencapaian`),
  ADD KEY `id_sales` (`id_sales`);

--
-- Indexes for table `personal_access_tokens`
--
ALTER TABLE `personal_access_tokens`
  ADD PRIMARY KEY (`id`),
  ADD UNIQUE KEY `personal_access_tokens_token_unique` (`token`),
  ADD KEY `personal_access_tokens_tokenable_type_tokenable_id_index` (`tokenable_type`,`tokenable_id`);

--
-- Indexes for table `pesanan_kendaraan`
--
ALTER TABLE `pesanan_kendaraan`
  ADD PRIMARY KEY (`id_pesanan`),
  ADD KEY `id_customer` (`id_customer`),
  ADD KEY `id_mobil` (`id_mobil`),
  ADD KEY `id_sales` (`id_sales`);

--
-- Indexes for table `sales`
--
ALTER TABLE `sales`
  ADD PRIMARY KEY (`id_sales`);

--
-- Indexes for table `sessions`
--
ALTER TABLE `sessions`
  ADD PRIMARY KEY (`id`),
  ADD KEY `sessions_user_id_index` (`user_id`),
  ADD KEY `sessions_last_activity_index` (`last_activity`);

--
-- Indexes for table `stok`
--
ALTER TABLE `stok`
  ADD PRIMARY KEY (`id_stok`),
  ADD KEY `id_mobil` (`id_mobil`);

--
-- Indexes for table `tipe`
--
ALTER TABLE `tipe`
  ADD PRIMARY KEY (`id_tipe`);

--
-- Indexes for table `users`
--
ALTER TABLE `users`
  ADD PRIMARY KEY (`id`),
  ADD UNIQUE KEY `users_email_unique` (`email`);

--
-- AUTO_INCREMENT for dumped tables
--

--
-- AUTO_INCREMENT for table `absensi`
--
ALTER TABLE `absensi`
  MODIFY `id_absensi` int NOT NULL AUTO_INCREMENT, AUTO_INCREMENT=222;

--
-- AUTO_INCREMENT for table `customer`
--
ALTER TABLE `customer`
  MODIFY `id_customer` int NOT NULL AUTO_INCREMENT, AUTO_INCREMENT=103;

--
-- AUTO_INCREMENT for table `failed_jobs`
--
ALTER TABLE `failed_jobs`
  MODIFY `id` bigint UNSIGNED NOT NULL AUTO_INCREMENT;

--
-- AUTO_INCREMENT for table `harikerja`
--
ALTER TABLE `harikerja`
  MODIFY `id` bigint UNSIGNED NOT NULL AUTO_INCREMENT, AUTO_INCREMENT=10;

--
-- AUTO_INCREMENT for table `migrations`
--
ALTER TABLE `migrations`
  MODIFY `id` int UNSIGNED NOT NULL AUTO_INCREMENT, AUTO_INCREMENT=9;

--
-- AUTO_INCREMENT for table `mobil`
--
ALTER TABLE `mobil`
  MODIFY `id_mobil` int NOT NULL AUTO_INCREMENT, AUTO_INCREMENT=8;

--
-- AUTO_INCREMENT for table `pembayaran`
--
ALTER TABLE `pembayaran`
  MODIFY `id_pembayaran` int NOT NULL AUTO_INCREMENT, AUTO_INCREMENT=4;

--
-- AUTO_INCREMENT for table `pencapaian`
--
ALTER TABLE `pencapaian`
  MODIFY `id_pencapaian` int NOT NULL AUTO_INCREMENT, AUTO_INCREMENT=3;

--
-- AUTO_INCREMENT for table `personal_access_tokens`
--
ALTER TABLE `personal_access_tokens`
  MODIFY `id` bigint UNSIGNED NOT NULL AUTO_INCREMENT;

--
-- AUTO_INCREMENT for table `pesanan_kendaraan`
--
ALTER TABLE `pesanan_kendaraan`
  MODIFY `id_pesanan` int NOT NULL AUTO_INCREMENT, AUTO_INCREMENT=11;

--
-- AUTO_INCREMENT for table `sales`
--
ALTER TABLE `sales`
  MODIFY `id_sales` int NOT NULL AUTO_INCREMENT, AUTO_INCREMENT=6;

--
-- AUTO_INCREMENT for table `stok`
--
ALTER TABLE `stok`
  MODIFY `id_stok` int NOT NULL AUTO_INCREMENT;

--
-- AUTO_INCREMENT for table `tipe`
--
ALTER TABLE `tipe`
  MODIFY `id_tipe` int NOT NULL AUTO_INCREMENT, AUTO_INCREMENT=16;

--
-- AUTO_INCREMENT for table `users`
--
ALTER TABLE `users`
  MODIFY `id` bigint UNSIGNED NOT NULL AUTO_INCREMENT, AUTO_INCREMENT=7;

--
-- Constraints for dumped tables
--

--
-- Constraints for table `absensi`
--
ALTER TABLE `absensi`
  ADD CONSTRAINT `absensi_ibfk_1` FOREIGN KEY (`id_sales`) REFERENCES `sales` (`id_sales`);

--
-- Constraints for table `mobil`
--
ALTER TABLE `mobil`
  ADD CONSTRAINT `mobil_ibfk_1` FOREIGN KEY (`id_tipe`) REFERENCES `tipe` (`id_tipe`);

--
-- Constraints for table `pembayaran`
--
ALTER TABLE `pembayaran`
  ADD CONSTRAINT `pembayaran_ibfk_1` FOREIGN KEY (`id_pesanan`) REFERENCES `pesanan_kendaraan` (`id_pesanan`);

--
-- Constraints for table `pencapaian`
--
ALTER TABLE `pencapaian`
  ADD CONSTRAINT `pencapaian_ibfk_1` FOREIGN KEY (`id_sales`) REFERENCES `sales` (`id_sales`);

--
-- Constraints for table `pesanan_kendaraan`
--
ALTER TABLE `pesanan_kendaraan`
  ADD CONSTRAINT `pesanan_kendaraan_ibfk_1` FOREIGN KEY (`id_customer`) REFERENCES `customer` (`id_customer`),
  ADD CONSTRAINT `pesanan_kendaraan_ibfk_2` FOREIGN KEY (`id_mobil`) REFERENCES `mobil` (`id_mobil`),
  ADD CONSTRAINT `pesanan_kendaraan_ibfk_3` FOREIGN KEY (`id_sales`) REFERENCES `sales` (`id_sales`);

--
-- Constraints for table `stok`
--
ALTER TABLE `stok`
  ADD CONSTRAINT `stok_ibfk_1` FOREIGN KEY (`id_mobil`) REFERENCES `mobil` (`id_mobil`);
COMMIT;

/*!40101 SET CHARACTER_SET_CLIENT=@OLD_CHARACTER_SET_CLIENT */;
/*!40101 SET CHARACTER_SET_RESULTS=@OLD_CHARACTER_SET_RESULTS */;
/*!40101 SET COLLATION_CONNECTION=@OLD_COLLATION_CONNECTION */;
